<?xml version="1.0" encoding="UTF-8"?>
<Tokens version="1.0">
	<File path="Constants/BTypePicture.html">
		
		<Token>
			<TokenIdentifier>//apple_ref/c/tdef/BTypePicture</TokenIdentifier>
			<Abstract type="html">Defines data picture format</Abstract>
			<DeclaredIn>BPicture.h</DeclaredIn>
            
			
			<NodeRef refid="11"/>
		</Token>
		
		
        
        <Token>
            <TokenIdentifier>//apple_ref/c/econst/BTypePictureURL</TokenIdentifier>
            <Abstract type="html">The picture will be a url
	 </Abstract>
            <Declaration>BTypePictureURL</Declaration>
            
            <DeclaredIn>BPicture.h</DeclaredIn>
            
            <NodeRef refid="11"/>
        </Token>
        
        <Token>
            <TokenIdentifier>//apple_ref/c/econst/BTypePictureBase64</TokenIdentifier>
            <Abstract type="html">The picture will be a base64 format
	 </Abstract>
            <Declaration>BTypePictureBase64</Declaration>
            
            <DeclaredIn>BPicture.h</DeclaredIn>
            
            <NodeRef refid="11"/>
        </Token>
        
        
	</File>
</Tokens>