<?xml version="1.0" encoding="UTF-8"?>
<Tokens version="1.0">
	<File path="Classes/Box.html">
		
		<Token>
			<TokenIdentifier>//apple_ref/occ/cl/Box</TokenIdentifier>
			<Abstract type="html">Main Box iOS SDK class</Abstract>
			<DeclaredIn>Box.h</DeclaredIn>
            
			
			<NodeRef refid="4"/>
		</Token>
		
		
		<Token>
			<TokenIdentifier>//apple_ref/occ/clm/Box/initialize:</TokenIdentifier>
			<Abstract type="html">Initializes the SDK</Abstract>
			<DeclaredIn>Box.h</DeclaredIn>
			
			<Declaration>+ (void)initialize:(NSString *)mediaKey</Declaration>
			<Parameters>
				<Parameter>
					<Name>mediaKey</Name>
					<Abstract type="html">String containing the Box broadcasting platform associated mediaKey</Abstract>
				</Parameter>
			</Parameters>
			
			<Anchor>//api/name/initialize:</Anchor>
            <NodeRef refid="4"/>
		</Token>
		
		<Token>
			<TokenIdentifier>//apple_ref/occ/clm/Box/handleOpenURL:</TokenIdentifier>
			<Abstract type="html">Handles Box custom scheme to perform custom actions</Abstract>
			<DeclaredIn>Box.h</DeclaredIn>
			
			<Declaration>+ (void)handleOpenURL:(NSURL *)url</Declaration>
			<Parameters>
				<Parameter>
					<Name>url</Name>
					<Abstract type="html">NSURL resource retrieved from the UIApplicationDelegate application:openURL:sourceApplication:annotation: method</Abstract>
				</Parameter>
			</Parameters>
			
			<Anchor>//api/name/handleOpenURL:</Anchor>
            <NodeRef refid="4"/>
		</Token>
		
		<Token>
			<TokenIdentifier>//apple_ref/occ/clm/Box/getCampaignsList:</TokenIdentifier>
			<Abstract type="html">Calls the Box API to get the campaigns list</Abstract>
			<DeclaredIn>Box.h</DeclaredIn>
			
			<Declaration>+ (void)getCampaignsList:(id&lt;BBoxRequestDelegate&gt;)delegate</Declaration>
			<Parameters>
				<Parameter>
					<Name>delegate</Name>
					<Abstract type="html">BBoxRequestDelegate called when request succeeds or fails</Abstract>
				</Parameter>
			</Parameters>
			
			<Anchor>//api/name/getCampaignsList:</Anchor>
            <NodeRef refid="4"/>
		</Token>
		
		<Token>
			<TokenIdentifier>//apple_ref/occ/clm/Box/postUserForm:withCampaignId:withBoxUser:withDelegate:</TokenIdentifier>
			<Abstract type="html">Allows to post user form data to specified campaign</Abstract>
			<DeclaredIn>Box.h</DeclaredIn>
			
			<Declaration>+ (void)postUserForm:(NSString *)apiKey withCampaignId:(NSString *)campaignId withBoxUser:(BUser *)user withDelegate:(id&lt;BBoxRequestDelegate&gt;)delegate</Declaration>
			<Parameters>
				<Parameter>
					<Name>apiKey</Name>
					<Abstract type="html">String containing the box apiKey</Abstract>
				</Parameter><Parameter>
					<Name>campaignId</Name>
					<Abstract type="html">String containing the Box campaign ID</Abstract>
				</Parameter><Parameter>
					<Name>user</Name>
					<Abstract type="html">BUser containing all user information</Abstract>
				</Parameter><Parameter>
					<Name>delegate</Name>
					<Abstract type="html">BBoxRequestDelegate called when request succeeds or fails</Abstract>
				</Parameter>
			</Parameters>
			
			<Anchor>//api/name/postUserForm:withCampaignId:withBoxUser:withDelegate:</Anchor>
            <NodeRef refid="4"/>
		</Token>
		
		<Token>
			<TokenIdentifier>//apple_ref/occ/clm/Box/postPicture:withCampaignId:withBoxPicture:withDelegate:</TokenIdentifier>
			<Abstract type="html">Allows to post picture to specified campaign</Abstract>
			<DeclaredIn>Box.h</DeclaredIn>
			
			<Declaration>+ (void)postPicture:(NSString *)apiKey withCampaignId:(NSString *)campaignId withBoxPicture:(BPicture *)picture withDelegate:(id&lt;BBoxRequestDelegate&gt;)delegate</Declaration>
			<Parameters>
				<Parameter>
					<Name>apiKey</Name>
					<Abstract type="html">String containing the box apiKey</Abstract>
				</Parameter><Parameter>
					<Name>campaignId</Name>
					<Abstract type="html">String containing the Box campaign ID</Abstract>
				</Parameter><Parameter>
					<Name>picture</Name>
					<Abstract type="html">BPicture containing all picture information</Abstract>
				</Parameter><Parameter>
					<Name>delegate</Name>
					<Abstract type="html">BBoxRequestDelegate which call the method onPostPictureSuccess</Abstract>
				</Parameter>
			</Parameters>
			
			<Anchor>//api/name/postPicture:withCampaignId:withBoxPicture:withDelegate:</Anchor>
            <NodeRef refid="4"/>
		</Token>
		
		<Token>
			<TokenIdentifier>//apple_ref/occ/clm/Box/getPicturesList:withCampaignId:withLimit:withOffset:withSort:withModerate:withDelegate:</TokenIdentifier>
			<Abstract type="html">Allows to obtain pictures information list from specified campaign</Abstract>
			<DeclaredIn>Box.h</DeclaredIn>
			
			<Declaration>+ (void)getPicturesList:(NSString *)apiKey withCampaignId:(NSString *)campaignId withLimit:(int)limit withOffset:(int)offset withSort:(NSString *)sort withModerate:(bool)moderate withDelegate:(id&lt;BBoxRequestDelegate&gt;)delegate</Declaration>
			<Parameters>
				<Parameter>
					<Name>apiKey</Name>
					<Abstract type="html">String containing the box apiKey</Abstract>
				</Parameter><Parameter>
					<Name>campaignId</Name>
					<Abstract type="html">String containing the Box campaign ID</Abstract>
				</Parameter><Parameter>
					<Name>limit</Name>
					<Abstract type="html">int determines the number of pictures returned</Abstract>
				</Parameter><Parameter>
					<Name>offset</Name>
					<Abstract type="html">int determines the picture list offset</Abstract>
				</Parameter><Parameter>
					<Name>sort</Name>
					<Abstract type="html">string permits to sort the list</Abstract>
				</Parameter><Parameter>
					<Name>moderate</Name>
					<Abstract type="html">boolean active the moderate mode</Abstract>
				</Parameter><Parameter>
					<Name>delegate</Name>
					<Abstract type="html">BBoxRequestDelegate called when request succeeds or fails</Abstract>
				</Parameter>
			</Parameters>
			
			<Anchor>//api/name/getPicturesList:withCampaignId:withLimit:withOffset:withSort:withModerate:withDelegate:</Anchor>
            <NodeRef refid="4"/>
		</Token>
		
		<Token>
			<TokenIdentifier>//apple_ref/occ/clm/Box/getPicturesList:withCampaignId:withDelegate:</TokenIdentifier>
			<Abstract type="html">Allows to obtain pictures information list from specified campaign</Abstract>
			<DeclaredIn>Box.h</DeclaredIn>
			
			<Declaration>+ (void)getPicturesList:(NSString *)apiKey withCampaignId:(NSString *)campaignId withDelegate:(id&lt;BBoxRequestDelegate&gt;)delegate</Declaration>
			<Parameters>
				<Parameter>
					<Name>apiKey</Name>
					<Abstract type="html">String containing the box apiKey</Abstract>
				</Parameter><Parameter>
					<Name>campaignId</Name>
					<Abstract type="html">String containing the Box campaign ID</Abstract>
				</Parameter><Parameter>
					<Name>delegate</Name>
					<Abstract type="html">BBoxRequestDelegate called when request succeeds or fails</Abstract>
				</Parameter>
			</Parameters>
			
			<Anchor>//api/name/getPicturesList:withCampaignId:withDelegate:</Anchor>
            <NodeRef refid="4"/>
		</Token>
		
		<Token>
			<TokenIdentifier>//apple_ref/occ/clm/Box/showCampaign:</TokenIdentifier>
			<Abstract type="html">Displays the targetted Box campaign</Abstract>
			<DeclaredIn>Box.h</DeclaredIn>
			
			<Declaration>+ (void)showCampaign:(NSString *)campaignId</Declaration>
			<Parameters>
				<Parameter>
					<Name>campaignId</Name>
					<Abstract type="html">NSString containing the campaign ID returned by a getCampaignsList call</Abstract>
				</Parameter>
			</Parameters>
			
			<Anchor>//api/name/showCampaign:</Anchor>
            <NodeRef refid="4"/>
		</Token>
		
		<Token>
			<TokenIdentifier>//apple_ref/occ/clm/Box/showCampaign:withBoxUser:</TokenIdentifier>
			<Abstract type="html">Displays the targetted Box campaign</Abstract>
			<DeclaredIn>Box.h</DeclaredIn>
			
			<Declaration>+ (void)showCampaign:(NSString *)campaignId withBoxUser:(BUser *)user</Declaration>
			<Parameters>
				<Parameter>
					<Name>campaignId</Name>
					<Abstract type="html">NSString containing the campaign ID returned by a getCampaignsList call</Abstract>
				</Parameter><Parameter>
					<Name>user</Name>
					<Abstract type="html">BUser containing all user information</Abstract>
				</Parameter>
			</Parameters>
			
			<Anchor>//api/name/showCampaign:withBoxUser:</Anchor>
            <NodeRef refid="4"/>
		</Token>
		
		<Token>
			<TokenIdentifier>//apple_ref/occ/clm/Box/showBanner:</TokenIdentifier>
			<Abstract type="html">Allows to display a Box campaign banner</Abstract>
			<DeclaredIn>Box.h</DeclaredIn>
			
			<Declaration>+ (void)showBanner:(NSString *)mediaKey</Declaration>
			<Parameters>
				<Parameter>
					<Name>mediaKey</Name>
					<Abstract type="html">NSString containing the Box broadcasting platform associated mediaKey</Abstract>
				</Parameter>
			</Parameters>
			
			<Anchor>//api/name/showBanner:</Anchor>
            <NodeRef refid="4"/>
		</Token>
		
		<Token>
			<TokenIdentifier>//apple_ref/occ/clm/Box/showBanner:withPosition:</TokenIdentifier>
			<Abstract type="html">Allows to display a Box campaign banner, and to define its position</Abstract>
			<DeclaredIn>Box.h</DeclaredIn>
			
			<Declaration>+ (void)showBanner:(NSString *)mediaKey withPosition:(BBannerPosition)position</Declaration>
			<Parameters>
				<Parameter>
					<Name>mediaKey</Name>
					<Abstract type="html">NSString containing the Box broadcasting platform associated mediaKey</Abstract>
				</Parameter><Parameter>
					<Name>position</Name>
					<Abstract type="html">BBannerPosition defining the banner position on the screen (BBanerPositionTop or BBannerPositionBottom)</Abstract>
				</Parameter>
			</Parameters>
			
			<Anchor>//api/name/showBanner:withPosition:</Anchor>
            <NodeRef refid="4"/>
		</Token>
		
		<Token>
			<TokenIdentifier>//apple_ref/occ/clm/Box/webviewOptions</TokenIdentifier>
			<Abstract type="html">Returns the webview customization options</Abstract>
			<DeclaredIn>Box.h</DeclaredIn>
			
			<Declaration>+ (BWebviewOptions *)webviewOptions</Declaration>
			
			<ReturnValue><Abstract type="html">BWebviewOptions containing the webview customization options</Abstract></ReturnValue>
			<Anchor>//api/name/webviewOptions</Anchor>
            <NodeRef refid="4"/>
		</Token>
		
		<Token>
			<TokenIdentifier>//apple_ref/occ/clm/Box/setWebviewOptions:</TokenIdentifier>
			<Abstract type="html">Sets the webview customization options</Abstract>
			<DeclaredIn>Box.h</DeclaredIn>
			
			<Declaration>+ (void)setWebviewOptions:(BWebviewOptions *)options</Declaration>
			<Parameters>
				<Parameter>
					<Name>options</Name>
					<Abstract type="html">BWebviewOptions containing the customization options</Abstract>
				</Parameter>
			</Parameters>
			
			<Anchor>//api/name/setWebviewOptions:</Anchor>
            <NodeRef refid="4"/>
		</Token>
		
		<Token>
			<TokenIdentifier>//apple_ref/occ/clm/Box/developmentMode</TokenIdentifier>
			<Abstract type="html">Returns the development mode status</Abstract>
			<DeclaredIn>Box.h</DeclaredIn>
			
			<Declaration>+ (BOOL)developmentMode</Declaration>
			
			<ReturnValue><Abstract type="html">BOOL true if the development mode was activated</Abstract></ReturnValue>
			<Anchor>//api/name/developmentMode</Anchor>
            <NodeRef refid="4"/>
		</Token>
		
		<Token>
			<TokenIdentifier>//apple_ref/occ/clm/Box/setDevelopmentMode:</TokenIdentifier>
			<Abstract type="html">Sets the development mode status&lt;/br&gt;
Development mode allows to test te Box SDK integration on the pre-production environment.</Abstract>
			<DeclaredIn>Box.h</DeclaredIn>
			
			<Declaration>+ (void)setDevelopmentMode:(BOOL)value</Declaration>
			<Parameters>
				<Parameter>
					<Name>value</Name>
					<Abstract type="html">BOOL pass true to activate development mode</Abstract>
				</Parameter>
			</Parameters>
			
			<Anchor>//api/name/setDevelopmentMode:</Anchor>
            <NodeRef refid="4"/>
		</Token>
		
		<Token>
			<TokenIdentifier>//apple_ref/occ/clm/Box/debugMode</TokenIdentifier>
			<Abstract type="html">Returns the debug mode status</Abstract>
			<DeclaredIn>Box.h</DeclaredIn>
			
			<Declaration>+ (BOOL)debugMode</Declaration>
			
			<ReturnValue><Abstract type="html">BOOL true if the debug mode was acivated</Abstract></ReturnValue>
			<Anchor>//api/name/debugMode</Anchor>
            <NodeRef refid="4"/>
		</Token>
		
		<Token>
			<TokenIdentifier>//apple_ref/occ/clm/Box/setDebugMode:</TokenIdentifier>
			<Abstract type="html">Sets the debug mode status&lt;/br&gt;
Debug mode activates debug logs in Xcode developer console</Abstract>
			<DeclaredIn>Box.h</DeclaredIn>
			
			<Declaration>+ (void)setDebugMode:(BOOL)value</Declaration>
			<Parameters>
				<Parameter>
					<Name>value</Name>
					<Abstract type="html">BOOL pass true to activate debug mode</Abstract>
				</Parameter>
			</Parameters>
			
			<Anchor>//api/name/setDebugMode:</Anchor>
            <NodeRef refid="4"/>
		</Token>
		
		<Token>
			<TokenIdentifier>//apple_ref/occ/clm/Box/getCampaignsListView</TokenIdentifier>
			<Abstract type="html">Creates a view which contains all the live campaigns banners.&lt;br /&gt;
The generated view size will fit the screen size.</Abstract>
			<DeclaredIn>Box.h</DeclaredIn>
			
			<Declaration>+ (UIView *)getCampaignsListView</Declaration>
			
			<ReturnValue><Abstract type="html">UIView the generated view</Abstract></ReturnValue>
			<Anchor>//api/name/getCampaignsListView</Anchor>
            <NodeRef refid="4"/>
		</Token>
		
		<Token>
			<TokenIdentifier>//apple_ref/occ/clm/Box/getCampaignsListViewWithWidth:height:</TokenIdentifier>
			<Abstract type="html">Creates a view which contains all the live campaigns banners.</Abstract>
			<DeclaredIn>Box.h</DeclaredIn>
			
			<Declaration>+ (UIView *)getCampaignsListViewWithWidth:(float)width height:(float)height</Declaration>
			<Parameters>
				<Parameter>
					<Name>width</Name>
					<Abstract type="html">float containing the width of the view</Abstract>
				</Parameter><Parameter>
					<Name>height</Name>
					<Abstract type="html">float containing the width of the view</Abstract>
				</Parameter>
			</Parameters>
			<ReturnValue><Abstract type="html">UIView the generated view</Abstract></ReturnValue>
			<Anchor>//api/name/getCampaignsListViewWithWidth:height:</Anchor>
            <NodeRef refid="4"/>
		</Token>
		
		<Token>
			<TokenIdentifier>//apple_ref/occ/clm/Box/getBannerViewWithID:width:height:displayCloseButton:</TokenIdentifier>
			<Abstract type="html">Creates a view containing the banner of the first live campaign found.</Abstract>
			<DeclaredIn>Box.h</DeclaredIn>
			
			<Declaration>+ (UIView *)getBannerViewWithID:(NSString *)campaignId width:(float)width height:(float)height displayCloseButton:(bool)isDisplay</Declaration>
			<Parameters>
				<Parameter>
					<Name>campaignId</Name>
					<Abstract type="html">NSString containing the Box campaign ID</Abstract>
				</Parameter><Parameter>
					<Name>width</Name>
					<Abstract type="html">float containing the width of the view</Abstract>
				</Parameter><Parameter>
					<Name>height</Name>
					<Abstract type="html">float containing the height of the view</Abstract>
				</Parameter><Parameter>
					<Name>isDisplay</Name>
					<Abstract type="html">boolean which determines whether the close button is displayed or not</Abstract>
				</Parameter>
			</Parameters>
			<ReturnValue><Abstract type="html">UIView the generated view</Abstract></ReturnValue>
			<Anchor>//api/name/getBannerViewWithID:width:height:displayCloseButton:</Anchor>
            <NodeRef refid="4"/>
		</Token>
		
		<Token>
			<TokenIdentifier>//apple_ref/occ/clm/Box/getBannerView</TokenIdentifier>
			<Abstract type="html">Creates a view containing the banner of the first live campaign found.&lt;br /&gt;
The banner size will fit the screen size.</Abstract>
			<DeclaredIn>Box.h</DeclaredIn>
			
			<Declaration>+ (UIView *)getBannerView</Declaration>
			
			<ReturnValue><Abstract type="html">View the generated view</Abstract></ReturnValue>
			<Anchor>//api/name/getBannerView</Anchor>
            <NodeRef refid="4"/>
		</Token>
		
		<Token>
			<TokenIdentifier>//apple_ref/occ/clm/Box/getBannerViewWithID:</TokenIdentifier>
			<Abstract type="html">Creates a view containing the banner of the first live campaign found.</Abstract>
			<DeclaredIn>Box.h</DeclaredIn>
			
			<Declaration>+ (UIView *)getBannerViewWithID:(NSString *)campaignId</Declaration>
			<Parameters>
				<Parameter>
					<Name>campaignId</Name>
					<Abstract type="html">NSString containing the Box campaign ID</Abstract>
				</Parameter>
			</Parameters>
			<ReturnValue><Abstract type="html">UIView the generated view</Abstract></ReturnValue>
			<Anchor>//api/name/getBannerViewWithID:</Anchor>
            <NodeRef refid="4"/>
		</Token>
		
		<Token>
			<TokenIdentifier>//apple_ref/occ/clm/Box/getBannerViewWithID:width:height:</TokenIdentifier>
			<Abstract type="html">Creates a view containing the banner of the first live campaign found.</Abstract>
			<DeclaredIn>Box.h</DeclaredIn>
			
			<Declaration>+ (UIView *)getBannerViewWithID:(NSString *)campaignId width:(float)width height:(float)height</Declaration>
			<Parameters>
				<Parameter>
					<Name>campaignId</Name>
					<Abstract type="html">NSString containing the Box campaign ID</Abstract>
				</Parameter><Parameter>
					<Name>width</Name>
					<Abstract type="html">float containing the width of the view</Abstract>
				</Parameter><Parameter>
					<Name>height</Name>
					<Abstract type="html">float containing the height of the view</Abstract>
				</Parameter>
			</Parameters>
			<ReturnValue><Abstract type="html">UIView the generated view</Abstract></ReturnValue>
			<Anchor>//api/name/getBannerViewWithID:width:height:</Anchor>
            <NodeRef refid="4"/>
		</Token>
		
		<Token>
			<TokenIdentifier>//apple_ref/occ/clm/Box/getBannerViewWithDisplayCloseButton:</TokenIdentifier>
			<Abstract type="html">Creates a view containing the banner of the first live campaign found.</Abstract>
			<DeclaredIn>Box.h</DeclaredIn>
			
			<Declaration>+ (UIView *)getBannerViewWithDisplayCloseButton:(bool)isDisplay</Declaration>
			<Parameters>
				<Parameter>
					<Name>isDisplay</Name>
					<Abstract type="html">boolean which determines whether the close button is displayed or not</Abstract>
				</Parameter>
			</Parameters>
			<ReturnValue><Abstract type="html">UIView the generated view</Abstract></ReturnValue>
			<Anchor>//api/name/getBannerViewWithDisplayCloseButton:</Anchor>
            <NodeRef refid="4"/>
		</Token>
		
		<Token>
			<TokenIdentifier>//apple_ref/occ/clm/Box/getBannerViewWithID:displayCloseButton:</TokenIdentifier>
			<Abstract type="html">Creates a view containing the banner of the first live campaign found.</Abstract>
			<DeclaredIn>Box.h</DeclaredIn>
			
			<Declaration>+ (UIView *)getBannerViewWithID:(NSString *)campaignId displayCloseButton:(bool)isDisplay</Declaration>
			<Parameters>
				<Parameter>
					<Name>campaignId</Name>
					<Abstract type="html">NSString containing the Box campaign ID</Abstract>
				</Parameter><Parameter>
					<Name>isDisplay</Name>
					<Abstract type="html">boolean which determines whether the close button is displayed or not</Abstract>
				</Parameter>
			</Parameters>
			<ReturnValue><Abstract type="html">UIView the generated view</Abstract></ReturnValue>
			<Anchor>//api/name/getBannerViewWithID:displayCloseButton:</Anchor>
            <NodeRef refid="4"/>
		</Token>
		
		<Token>
			<TokenIdentifier>//apple_ref/occ/clm/Box/getBannerViewWithWidth:height:displayCloseButton:</TokenIdentifier>
			<Abstract type="html">Creates a view containing the banner of the first live campaign found.</Abstract>
			<DeclaredIn>Box.h</DeclaredIn>
			
			<Declaration>+ (UIView *)getBannerViewWithWidth:(float)width height:(float)height displayCloseButton:(bool)isDisplay</Declaration>
			<Parameters>
				<Parameter>
					<Name>width</Name>
					<Abstract type="html">float containing the width of the view</Abstract>
				</Parameter><Parameter>
					<Name>height</Name>
					<Abstract type="html">float containing the height of the view</Abstract>
				</Parameter><Parameter>
					<Name>isDisplay</Name>
					<Abstract type="html">boolean which determines whether the close button is displayed or not</Abstract>
				</Parameter>
			</Parameters>
			<ReturnValue><Abstract type="html">UIView the generated view</Abstract></ReturnValue>
			<Anchor>//api/name/getBannerViewWithWidth:height:displayCloseButton:</Anchor>
            <NodeRef refid="4"/>
		</Token>
		
		<Token>
			<TokenIdentifier>//apple_ref/occ/clm/Box/getBannerViewWithWidth:height:</TokenIdentifier>
			<Abstract type="html">Creates a view containing the banner of the first live campaign found.</Abstract>
			<DeclaredIn>Box.h</DeclaredIn>
			
			<Declaration>+ (UIView *)getBannerViewWithWidth:(float)width height:(float)height</Declaration>
			<Parameters>
				<Parameter>
					<Name>width</Name>
					<Abstract type="html">float containing the width of the view</Abstract>
				</Parameter><Parameter>
					<Name>height</Name>
					<Abstract type="html">float containing the height of the view</Abstract>
				</Parameter>
			</Parameters>
			<ReturnValue><Abstract type="html">UIView the generated view</Abstract></ReturnValue>
			<Anchor>//api/name/getBannerViewWithWidth:height:</Anchor>
            <NodeRef refid="4"/>
		</Token>
		
        
        
	</File>
</Tokens>