<?xml version="1.0" encoding="UTF-8"?>
<Tokens version="1.0">
	<File path="Constants/BBannerPosition.html">
		
		<Token>
			<TokenIdentifier>//apple_ref/c/tdef/BBannerPosition</TokenIdentifier>
			<Abstract type="html">Defines supported banner positions</Abstract>
			<DeclaredIn>Box.h</DeclaredIn>
            
			
			<NodeRef refid="10"/>
		</Token>
		
		
        
        <Token>
            <TokenIdentifier>//apple_ref/c/econst/BBannerPositionTop</TokenIdentifier>
            <Abstract type="html">The banner will be top centered
     </Abstract>
            <Declaration>BBannerPositionTop</Declaration>
            
            <DeclaredIn>Box.h</DeclaredIn>
            
            <NodeRef refid="10"/>
        </Token>
        
        <Token>
            <TokenIdentifier>//apple_ref/c/econst/BBannerPositionBottom</TokenIdentifier>
            <Abstract type="html">The banner will be bottom centered
     </Abstract>
            <Declaration>BBannerPositionBottom</Declaration>
            
            <DeclaredIn>Box.h</DeclaredIn>
            
            <NodeRef refid="10"/>
        </Token>
        
        
	</File>
</Tokens>