<?xml version="1.0" encoding="UTF-8"?>
<Tokens version="1.0">
	<File path="Classes/BWebviewOptions.html">
		
		<Token>
			<TokenIdentifier>//apple_ref/occ/cl/BWebviewOptions</TokenIdentifier>
			<Abstract type="html">Contains all webview customization options</Abstract>
			<DeclaredIn>BWebviewOptions.h</DeclaredIn>
            
			
			<NodeRef refid="3"/>
		</Token>
		
		
		<Token>
			<TokenIdentifier>//apple_ref/occ/instm/BWebviewOptions/setNavigationBarTitleVisible:</TokenIdentifier>
			<Abstract type="html">Sets the title visibility (false by default)&lt;br /&gt;
The title contains the Box campaign name</Abstract>
			<DeclaredIn>BWebviewOptions.h</DeclaredIn>
			
			<Declaration>- (void)setNavigationBarTitleVisible:(BOOL)value</Declaration>
			<Parameters>
				<Parameter>
					<Name>value</Name>
					<Abstract type="html">BOOL pass true to make the title visible</Abstract>
				</Parameter>
			</Parameters>
			
			<Anchor>//api/name/setNavigationBarTitleVisible:</Anchor>
            <NodeRef refid="3"/>
		</Token>
		
		<Token>
			<TokenIdentifier>//apple_ref/occ/instm/BWebviewOptions/isNavigationBarTitleVisible</TokenIdentifier>
			<Abstract type="html">Returns the title visibility status</Abstract>
			<DeclaredIn>BWebviewOptions.h</DeclaredIn>
			
			<Declaration>- (BOOL)isNavigationBarTitleVisible</Declaration>
			
			<ReturnValue><Abstract type="html">BOOL true if the title is visible</Abstract></ReturnValue>
			<Anchor>//api/name/isNavigationBarTitleVisible</Anchor>
            <NodeRef refid="3"/>
		</Token>
		
		<Token>
			<TokenIdentifier>//apple_ref/occ/instm/BWebviewOptions/setNavigationBarHidden:</TokenIdentifier>
			<Abstract type="html">Sets the navigation bar visibility (true by default)</Abstract>
			<DeclaredIn>BWebviewOptions.h</DeclaredIn>
			
			<Declaration>- (void)setNavigationBarHidden:(BOOL)value</Declaration>
			<Parameters>
				<Parameter>
					<Name>value</Name>
					<Abstract type="html">BOOL pass false to hide the navigation bar</Abstract>
				</Parameter>
			</Parameters>
			
			<Anchor>//api/name/setNavigationBarHidden:</Anchor>
            <NodeRef refid="3"/>
		</Token>
		
		<Token>
			<TokenIdentifier>//apple_ref/occ/instm/BWebviewOptions/isNavigationBarHidden</TokenIdentifier>
			<Abstract type="html">Returns the navigation bar visibility status</Abstract>
			<DeclaredIn>BWebviewOptions.h</DeclaredIn>
			
			<Declaration>- (BOOL)isNavigationBarHidden</Declaration>
			
			<ReturnValue><Abstract type="html">BOOL true if navigation bar is hidden</Abstract></ReturnValue>
			<Anchor>//api/name/isNavigationBarHidden</Anchor>
            <NodeRef refid="3"/>
		</Token>
		
		<Token>
			<TokenIdentifier>//apple_ref/occ/instm/BWebviewOptions/setNavigationBarBackgroundColor:</TokenIdentifier>
			<Abstract type="html">Sets the navigation bar background color</Abstract>
			<DeclaredIn>BWebviewOptions.h</DeclaredIn>
			
			<Declaration>- (void)setNavigationBarBackgroundColor:(UIColor *)color</Declaration>
			<Parameters>
				<Parameter>
					<Name>color</Name>
					<Abstract type="html">UIColor applied to the navigation bar background</Abstract>
				</Parameter>
			</Parameters>
			
			<Anchor>//api/name/setNavigationBarBackgroundColor:</Anchor>
            <NodeRef refid="3"/>
		</Token>
		
		<Token>
			<TokenIdentifier>//apple_ref/occ/instm/BWebviewOptions/navigationBarBackgroundColor</TokenIdentifier>
			<Abstract type="html">Returns the navigation bar background color</Abstract>
			<DeclaredIn>BWebviewOptions.h</DeclaredIn>
			
			<Declaration>- (UIColor *)navigationBarBackgroundColor</Declaration>
			
			<ReturnValue><Abstract type="html">UIColor the color of the navigation bar background</Abstract></ReturnValue>
			<Anchor>//api/name/navigationBarBackgroundColor</Anchor>
            <NodeRef refid="3"/>
		</Token>
		
		<Token>
			<TokenIdentifier>//apple_ref/occ/instm/BWebviewOptions/setNavigationBarButtonsColor:</TokenIdentifier>
			<Abstract type="html">Sets the navigation bar buttons color</Abstract>
			<DeclaredIn>BWebviewOptions.h</DeclaredIn>
			
			<Declaration>- (void)setNavigationBarButtonsColor:(UIColor *)color</Declaration>
			<Parameters>
				<Parameter>
					<Name>color</Name>
					<Abstract type="html">UIColor applied to the navigation bar buttons</Abstract>
				</Parameter>
			</Parameters>
			
			<Anchor>//api/name/setNavigationBarButtonsColor:</Anchor>
            <NodeRef refid="3"/>
		</Token>
		
		<Token>
			<TokenIdentifier>//apple_ref/occ/instm/BWebviewOptions/navigationBarButtonsColor</TokenIdentifier>
			<Abstract type="html">Returns the navigation bar buttons color</Abstract>
			<DeclaredIn>BWebviewOptions.h</DeclaredIn>
			
			<Declaration>- (UIColor *)navigationBarButtonsColor</Declaration>
			
			<ReturnValue><Abstract type="html">UIColor the color of the navigation bar buttons</Abstract></ReturnValue>
			<Anchor>//api/name/navigationBarButtonsColor</Anchor>
            <NodeRef refid="3"/>
		</Token>
		
		<Token>
			<TokenIdentifier>//apple_ref/occ/instm/BWebviewOptions/setNavigationBarTitleColor:</TokenIdentifier>
			<Abstract type="html">Sets the navigation bar title text color</Abstract>
			<DeclaredIn>BWebviewOptions.h</DeclaredIn>
			
			<Declaration>- (void)setNavigationBarTitleColor:(UIColor *)color</Declaration>
			<Parameters>
				<Parameter>
					<Name>color</Name>
					<Abstract type="html">UIColor applied to the navigation bar title text</Abstract>
				</Parameter>
			</Parameters>
			
			<Anchor>//api/name/setNavigationBarTitleColor:</Anchor>
            <NodeRef refid="3"/>
		</Token>
		
		<Token>
			<TokenIdentifier>//apple_ref/occ/instm/BWebviewOptions/navigationBarTitleColor</TokenIdentifier>
			<Abstract type="html">Returns the navigation bar title text color</Abstract>
			<DeclaredIn>BWebviewOptions.h</DeclaredIn>
			
			<Declaration>- (UIColor *)navigationBarTitleColor</Declaration>
			
			<ReturnValue><Abstract type="html">UIColor the color of the navigation bar title text color</Abstract></ReturnValue>
			<Anchor>//api/name/navigationBarTitleColor</Anchor>
            <NodeRef refid="3"/>
		</Token>
		
		<Token>
			<TokenIdentifier>//apple_ref/occ/instm/BWebviewOptions/setNavigationBarOpaque:</TokenIdentifier>
			<Abstract type="html">Sets the navigation bar opacity (false by default)</Abstract>
			<DeclaredIn>BWebviewOptions.h</DeclaredIn>
			
			<Declaration>- (void)setNavigationBarOpaque:(BOOL)value</Declaration>
			<Parameters>
				<Parameter>
					<Name>value</Name>
					<Abstract type="html">BOOL pass true to make the navigation bar opaque</Abstract>
				</Parameter>
			</Parameters>
			
			<Anchor>//api/name/setNavigationBarOpaque:</Anchor>
            <NodeRef refid="3"/>
		</Token>
		
		<Token>
			<TokenIdentifier>//apple_ref/occ/instm/BWebviewOptions/isNavigationBarOpaque</TokenIdentifier>
			<Abstract type="html">Returns the navigation bar opacity status</Abstract>
			<DeclaredIn>BWebviewOptions.h</DeclaredIn>
			
			<Declaration>- (BOOL)isNavigationBarOpaque</Declaration>
			
			<ReturnValue><Abstract type="html">BOOL true if the navigation bar is opaque</Abstract></ReturnValue>
			<Anchor>//api/name/isNavigationBarOpaque</Anchor>
            <NodeRef refid="3"/>
		</Token>
		
		<Token>
			<TokenIdentifier>//apple_ref/occ/instm/BWebviewOptions/setNavigationBarBackButton:</TokenIdentifier>
			<Abstract type="html">Sets the navigation bar back button image</Abstract>
			<DeclaredIn>BWebviewOptions.h</DeclaredIn>
			
			<Declaration>- (void)setNavigationBarBackButton:(UIImage *)image</Declaration>
			<Parameters>
				<Parameter>
					<Name>image</Name>
					<Abstract type="html">UIImage of the navigation bar back button</Abstract>
				</Parameter>
			</Parameters>
			
			<Anchor>//api/name/setNavigationBarBackButton:</Anchor>
            <NodeRef refid="3"/>
		</Token>
		
		<Token>
			<TokenIdentifier>//apple_ref/occ/instm/BWebviewOptions/navigationBarBackButton</TokenIdentifier>
			<Abstract type="html">Returns the navigation bar back button image</Abstract>
			<DeclaredIn>BWebviewOptions.h</DeclaredIn>
			
			<Declaration>- (UIImage *)navigationBarBackButton</Declaration>
			
			<ReturnValue><Abstract type="html">UIImage the image of the navigation bar back button</Abstract></ReturnValue>
			<Anchor>//api/name/navigationBarBackButton</Anchor>
            <NodeRef refid="3"/>
		</Token>
		
		<Token>
			<TokenIdentifier>//apple_ref/occ/instm/BWebviewOptions/setNavigationBarActionButton:</TokenIdentifier>
			<Abstract type="html">Sets the navigation bar action button image</Abstract>
			<DeclaredIn>BWebviewOptions.h</DeclaredIn>
			
			<Declaration>- (void)setNavigationBarActionButton:(UIImage *)image</Declaration>
			<Parameters>
				<Parameter>
					<Name>image</Name>
					<Abstract type="html">UIImage of the navigation bar action button</Abstract>
				</Parameter>
			</Parameters>
			
			<Anchor>//api/name/setNavigationBarActionButton:</Anchor>
            <NodeRef refid="3"/>
		</Token>
		
		<Token>
			<TokenIdentifier>//apple_ref/occ/instm/BWebviewOptions/navigationBarActionButton</TokenIdentifier>
			<Abstract type="html">Returns the navigation bar action button image</Abstract>
			<DeclaredIn>BWebviewOptions.h</DeclaredIn>
			
			<Declaration>- (UIImage *)navigationBarActionButton</Declaration>
			
			<ReturnValue><Abstract type="html">UIImage the image of the navigation bar action button</Abstract></ReturnValue>
			<Anchor>//api/name/navigationBarActionButton</Anchor>
            <NodeRef refid="3"/>
		</Token>
		
		<Token>
			<TokenIdentifier>//apple_ref/occ/instm/BWebviewOptions/setNavigationLoadingBarColor:</TokenIdentifier>
			<Abstract type="html">Sets the navigation loading bar color</Abstract>
			<DeclaredIn>BWebviewOptions.h</DeclaredIn>
			
			<Declaration>- (void)setNavigationLoadingBarColor:(UIColor *)color</Declaration>
			<Parameters>
				<Parameter>
					<Name>color</Name>
					<Abstract type="html">UIColor applied to the navigation loading bar color</Abstract>
				</Parameter>
			</Parameters>
			
			<Anchor>//api/name/setNavigationLoadingBarColor:</Anchor>
            <NodeRef refid="3"/>
		</Token>
		
		<Token>
			<TokenIdentifier>//apple_ref/occ/instm/BWebviewOptions/navigationLoadingBarColor</TokenIdentifier>
			<Abstract type="html">Returns the navigation loading bar color</Abstract>
			<DeclaredIn>BWebviewOptions.h</DeclaredIn>
			
			<Declaration>- (UIColor *)navigationLoadingBarColor</Declaration>
			
			<ReturnValue><Abstract type="html">UIColor the color of the navigation loading bar</Abstract></ReturnValue>
			<Anchor>//api/name/navigationLoadingBarColor</Anchor>
            <NodeRef refid="3"/>
		</Token>
		
        
        
	</File>
</Tokens>