<?xml version="1.0" encoding="UTF-8"?>
<Tokens version="1.0">
	<File path="Categories/NSString+ObjectiveCRegexCategories.html">
		
		<Token>
			<TokenIdentifier>//apple_ref/occ/cat/NSString(ObjectiveCRegexCategories)</TokenIdentifier>
			<Abstract type="html"></Abstract>
			<DeclaredIn>RegExCategories.m</DeclaredIn>
            
			
			<NodeRef refid="8"/>
		</Token>
		
		
		<Token>
			<TokenIdentifier>//apple_ref/occ/instm/NSString/toRx</TokenIdentifier>
			<Abstract type="html"></Abstract>
			<DeclaredIn>RegExCategories.m</DeclaredIn>
			
			<Declaration>- (NSRegularExpression *)toRx</Declaration>
			
			
			<Anchor>//api/name/toRx</Anchor>
            <NodeRef refid="8"/>
		</Token>
		
		<Token>
			<TokenIdentifier>//apple_ref/occ/instm/NSString/toRxIgnoreCase:</TokenIdentifier>
			<Abstract type="html"></Abstract>
			<DeclaredIn>RegExCategories.m</DeclaredIn>
			
			<Declaration>- (NSRegularExpression *)toRxIgnoreCase:(BOOL)ignoreCase</Declaration>
			
			
			<Anchor>//api/name/toRxIgnoreCase:</Anchor>
            <NodeRef refid="8"/>
		</Token>
		
		<Token>
			<TokenIdentifier>//apple_ref/occ/instm/NSString/toRxWithOptions:</TokenIdentifier>
			<Abstract type="html"></Abstract>
			<DeclaredIn>RegExCategories.m</DeclaredIn>
			
			<Declaration>- (NSRegularExpression *)toRxWithOptions:(NSRegularExpressionOptions)options</Declaration>
			
			
			<Anchor>//api/name/toRxWithOptions:</Anchor>
            <NodeRef refid="8"/>
		</Token>
		
		<Token>
			<TokenIdentifier>//apple_ref/occ/instm/NSString/isMatch:</TokenIdentifier>
			<Abstract type="html"></Abstract>
			<DeclaredIn>RegExCategories.m</DeclaredIn>
			
			<Declaration>- (BOOL)isMatch:(NSRegularExpression *)rx</Declaration>
			
			
			<Anchor>//api/name/isMatch:</Anchor>
            <NodeRef refid="8"/>
		</Token>
		
		<Token>
			<TokenIdentifier>//apple_ref/occ/instm/NSString/indexOf:</TokenIdentifier>
			<Abstract type="html"></Abstract>
			<DeclaredIn>RegExCategories.m</DeclaredIn>
			
			<Declaration>- (int)indexOf:(NSRegularExpression *)rx</Declaration>
			
			
			<Anchor>//api/name/indexOf:</Anchor>
            <NodeRef refid="8"/>
		</Token>
		
		<Token>
			<TokenIdentifier>//apple_ref/occ/instm/NSString/split:</TokenIdentifier>
			<Abstract type="html"></Abstract>
			<DeclaredIn>RegExCategories.m</DeclaredIn>
			
			<Declaration>- (NSArray *)split:(NSRegularExpression *)rx</Declaration>
			
			
			<Anchor>//api/name/split:</Anchor>
            <NodeRef refid="8"/>
		</Token>
		
		<Token>
			<TokenIdentifier>//apple_ref/occ/instm/NSString/replace:with:</TokenIdentifier>
			<Abstract type="html"></Abstract>
			<DeclaredIn>RegExCategories.m</DeclaredIn>
			
			<Declaration>- (NSString *)replace:(NSRegularExpression *)rx with:(NSString *)replacement</Declaration>
			
			
			<Anchor>//api/name/replace:with:</Anchor>
            <NodeRef refid="8"/>
		</Token>
		
		<Token>
			<TokenIdentifier>//apple_ref/occ/instm/NSString/replace:withBlock:</TokenIdentifier>
			<Abstract type="html"></Abstract>
			<DeclaredIn>RegExCategories.m</DeclaredIn>
			
			<Declaration>- (NSString *)replace:(NSRegularExpression *)rx withBlock:(NSString *( ^ ) ( NSString *match ))replacer</Declaration>
			
			
			<Anchor>//api/name/replace:withBlock:</Anchor>
            <NodeRef refid="8"/>
		</Token>
		
		<Token>
			<TokenIdentifier>//apple_ref/occ/instm/NSString/replace:withDetailsBlock:</TokenIdentifier>
			<Abstract type="html"></Abstract>
			<DeclaredIn>RegExCategories.m</DeclaredIn>
			
			<Declaration>- (NSString *)replace:(NSRegularExpression *)rx withDetailsBlock:(NSString *( ^ ) ( RxMatch *match ))replacer</Declaration>
			
			
			<Anchor>//api/name/replace:withDetailsBlock:</Anchor>
            <NodeRef refid="8"/>
		</Token>
		
		<Token>
			<TokenIdentifier>//apple_ref/occ/instm/NSString/matches:</TokenIdentifier>
			<Abstract type="html"></Abstract>
			<DeclaredIn>RegExCategories.m</DeclaredIn>
			
			<Declaration>- (NSArray *)matches:(NSRegularExpression *)rx</Declaration>
			
			
			<Anchor>//api/name/matches:</Anchor>
            <NodeRef refid="8"/>
		</Token>
		
		<Token>
			<TokenIdentifier>//apple_ref/occ/instm/NSString/firstMatch:</TokenIdentifier>
			<Abstract type="html"></Abstract>
			<DeclaredIn>RegExCategories.m</DeclaredIn>
			
			<Declaration>- (NSString *)firstMatch:(NSRegularExpression *)rx</Declaration>
			
			
			<Anchor>//api/name/firstMatch:</Anchor>
            <NodeRef refid="8"/>
		</Token>
		
		<Token>
			<TokenIdentifier>//apple_ref/occ/instm/NSString/matchesWithDetails:</TokenIdentifier>
			<Abstract type="html"></Abstract>
			<DeclaredIn>RegExCategories.m</DeclaredIn>
			
			<Declaration>- (NSArray *)matchesWithDetails:(NSRegularExpression *)rx</Declaration>
			
			
			<Anchor>//api/name/matchesWithDetails:</Anchor>
            <NodeRef refid="8"/>
		</Token>
		
		<Token>
			<TokenIdentifier>//apple_ref/occ/instm/NSString/firstMatchWithDetails:</TokenIdentifier>
			<Abstract type="html"></Abstract>
			<DeclaredIn>RegExCategories.m</DeclaredIn>
			
			<Declaration>- (RxMatch *)firstMatchWithDetails:(NSRegularExpression *)rx</Declaration>
			
			
			<Anchor>//api/name/firstMatchWithDetails:</Anchor>
            <NodeRef refid="8"/>
		</Token>
		
        
        
	</File>
</Tokens>