<?xml version="1.0" encoding="UTF-8"?>
<Tokens version="1.0">
	<File path="Categories/NSRegularExpression+ObjectiveCRegexCategories.html">
		
		<Token>
			<TokenIdentifier>//apple_ref/occ/cat/NSRegularExpression(ObjectiveCRegexCategories)</TokenIdentifier>
			<Abstract type="html"></Abstract>
			<DeclaredIn>RegExCategories.m</DeclaredIn>
            
			
			<NodeRef refid="7"/>
		</Token>
		
		
		<Token>
			<TokenIdentifier>//apple_ref/occ/instm/NSRegularExpression/initWithPattern:</TokenIdentifier>
			<Abstract type="html"></Abstract>
			<DeclaredIn>RegExCategories.m</DeclaredIn>
			
			<Declaration>- (id)initWithPattern:(NSString *)pattern</Declaration>
			
			
			<Anchor>//api/name/initWithPattern:</Anchor>
            <NodeRef refid="7"/>
		</Token>
		
		<Token>
			<TokenIdentifier>//apple_ref/occ/instm/NSRegularExpression/rx:</TokenIdentifier>
			<Abstract type="html"></Abstract>
			<DeclaredIn>RegExCategories.m</DeclaredIn>
			
			<Declaration>+ (NSRegularExpression *)rx:(NSString *)pattern</Declaration>
			
			
			<Anchor>//api/name/rx:</Anchor>
            <NodeRef refid="7"/>
		</Token>
		
		<Token>
			<TokenIdentifier>//apple_ref/occ/instm/NSRegularExpression/rx:ignoreCase:</TokenIdentifier>
			<Abstract type="html"></Abstract>
			<DeclaredIn>RegExCategories.m</DeclaredIn>
			
			<Declaration>+ (NSRegularExpression *)rx:(NSString *)pattern ignoreCase:(BOOL)ignoreCase</Declaration>
			
			
			<Anchor>//api/name/rx:ignoreCase:</Anchor>
            <NodeRef refid="7"/>
		</Token>
		
		<Token>
			<TokenIdentifier>//apple_ref/occ/instm/NSRegularExpression/rx:options:</TokenIdentifier>
			<Abstract type="html"></Abstract>
			<DeclaredIn>RegExCategories.m</DeclaredIn>
			
			<Declaration>+ (NSRegularExpression *)rx:(NSString *)pattern options:(NSRegularExpressionOptions)options</Declaration>
			
			
			<Anchor>//api/name/rx:options:</Anchor>
            <NodeRef refid="7"/>
		</Token>
		
		<Token>
			<TokenIdentifier>//apple_ref/occ/instm/NSRegularExpression/isMatch:</TokenIdentifier>
			<Abstract type="html"></Abstract>
			<DeclaredIn>RegExCategories.m</DeclaredIn>
			
			<Declaration>- (BOOL)isMatch:(NSString *)matchee</Declaration>
			
			
			<Anchor>//api/name/isMatch:</Anchor>
            <NodeRef refid="7"/>
		</Token>
		
		<Token>
			<TokenIdentifier>//apple_ref/occ/instm/NSRegularExpression/indexOf:</TokenIdentifier>
			<Abstract type="html"></Abstract>
			<DeclaredIn>RegExCategories.m</DeclaredIn>
			
			<Declaration>- (int)indexOf:(NSString *)matchee</Declaration>
			
			
			<Anchor>//api/name/indexOf:</Anchor>
            <NodeRef refid="7"/>
		</Token>
		
		<Token>
			<TokenIdentifier>//apple_ref/occ/instm/NSRegularExpression/split:</TokenIdentifier>
			<Abstract type="html"></Abstract>
			<DeclaredIn>RegExCategories.m</DeclaredIn>
			
			<Declaration>- (NSArray *)split:(NSString *)str</Declaration>
			
			
			<Anchor>//api/name/split:</Anchor>
            <NodeRef refid="7"/>
		</Token>
		
		<Token>
			<TokenIdentifier>//apple_ref/occ/instm/NSRegularExpression/replace:with:</TokenIdentifier>
			<Abstract type="html"></Abstract>
			<DeclaredIn>RegExCategories.m</DeclaredIn>
			
			<Declaration>- (NSString *)replace:(NSString *)string with:(NSString *)replacement</Declaration>
			
			
			<Anchor>//api/name/replace:with:</Anchor>
            <NodeRef refid="7"/>
		</Token>
		
		<Token>
			<TokenIdentifier>//apple_ref/occ/instm/NSRegularExpression/replace:withBlock:</TokenIdentifier>
			<Abstract type="html"></Abstract>
			<DeclaredIn>RegExCategories.m</DeclaredIn>
			
			<Declaration>- (NSString *)replace:(NSString *)string withBlock:(NSString *( ^ ) ( NSString *match ))replacer</Declaration>
			
			
			<Anchor>//api/name/replace:withBlock:</Anchor>
            <NodeRef refid="7"/>
		</Token>
		
		<Token>
			<TokenIdentifier>//apple_ref/occ/instm/NSRegularExpression/replace:withDetailsBlock:</TokenIdentifier>
			<Abstract type="html"></Abstract>
			<DeclaredIn>RegExCategories.m</DeclaredIn>
			
			<Declaration>- (NSString *)replace:(NSString *)string withDetailsBlock:(NSString *( ^ ) ( RxMatch *match ))replacer</Declaration>
			
			
			<Anchor>//api/name/replace:withDetailsBlock:</Anchor>
            <NodeRef refid="7"/>
		</Token>
		
		<Token>
			<TokenIdentifier>//apple_ref/occ/instm/NSRegularExpression/matches:</TokenIdentifier>
			<Abstract type="html"></Abstract>
			<DeclaredIn>RegExCategories.m</DeclaredIn>
			
			<Declaration>- (NSArray *)matches:(NSString *)str</Declaration>
			
			
			<Anchor>//api/name/matches:</Anchor>
            <NodeRef refid="7"/>
		</Token>
		
		<Token>
			<TokenIdentifier>//apple_ref/occ/instm/NSRegularExpression/firstMatch:</TokenIdentifier>
			<Abstract type="html"></Abstract>
			<DeclaredIn>RegExCategories.m</DeclaredIn>
			
			<Declaration>- (NSString *)firstMatch:(NSString *)str</Declaration>
			
			
			<Anchor>//api/name/firstMatch:</Anchor>
            <NodeRef refid="7"/>
		</Token>
		
		<Token>
			<TokenIdentifier>//apple_ref/occ/instm/NSRegularExpression/resultToMatch:original:</TokenIdentifier>
			<Abstract type="html"></Abstract>
			<DeclaredIn>RegExCategories.m</DeclaredIn>
			
			<Declaration>- (RxMatch *)resultToMatch:(NSTextCheckingResult *)result original:(NSString *)original</Declaration>
			
			
			<Anchor>//api/name/resultToMatch:original:</Anchor>
            <NodeRef refid="7"/>
		</Token>
		
		<Token>
			<TokenIdentifier>//apple_ref/occ/instm/NSRegularExpression/matchesWithDetails:</TokenIdentifier>
			<Abstract type="html"></Abstract>
			<DeclaredIn>RegExCategories.m</DeclaredIn>
			
			<Declaration>- (NSArray *)matchesWithDetails:(NSString *)str</Declaration>
			
			
			<Anchor>//api/name/matchesWithDetails:</Anchor>
            <NodeRef refid="7"/>
		</Token>
		
		<Token>
			<TokenIdentifier>//apple_ref/occ/instm/NSRegularExpression/firstMatchWithDetails:</TokenIdentifier>
			<Abstract type="html"></Abstract>
			<DeclaredIn>RegExCategories.m</DeclaredIn>
			
			<Declaration>- (RxMatch *)firstMatchWithDetails:(NSString *)str</Declaration>
			
			
			<Anchor>//api/name/firstMatchWithDetails:</Anchor>
            <NodeRef refid="7"/>
		</Token>
		
        
        
	</File>
</Tokens>