<?xml version="1.0" encoding="UTF-8"?>
<DocSetNodes version="1.0">
    <TOC>
        <Node type="folder">
            <Name>Box</Name>
            <Path>index.html</Path>
			<Subnodes>
                
				
				<Node type="folder">
					<Name>Classes</Name>
					<Path>index.html</Path>
					<Subnodes>
						<NodeRef refid="1"/>
						<NodeRef refid="2"/>
						<NodeRef refid="3"/>
						<NodeRef refid="4"/>
						<NodeRef refid="5"/>
						<NodeRef refid="6"/>
						
					</Subnodes>
				</Node>
				
				
				<Node>
					<Name>Categories</Name>
					<Path>index.html</Path>
					<Subnodes>
						<NodeRef refid="7"/>
						<NodeRef refid="8"/>
						
					</Subnodes>
				</Node>
				
                
				<Node>
					<Name>Protocols</Name>
					<Path>index.html</Path>
					<Subnodes>
						<NodeRef refid="9"/>
						
					</Subnodes>
				</Node>
				
                
				<Node>
					<Name>Constants</Name>
					<Path>index.html</Path>
					<Subnodes>
						<NodeRef refid="10"/>
						<NodeRef refid="11"/>
						
					</Subnodes>
				</Node>
				
                
			</Subnodes>
        </Node>
    </TOC>
	<Library>
		
		<Node id="1" type="file" documentType="reference">
            <Name>BPicture</Name>
            <Path>Classes/BPicture.html</Path>
            
                <Subnodes>
                <Node type="section">
                    <Path>Classes/BPicture.html</Path>
                    <Name>Overview</Name>
                    <Anchor>overview</Anchor>
                </Node>
                <Node type="section">
                    <Path>Classes/BPicture.html</Path>
                    <Name>Tasks</Name>
                    <Anchor>tasks</Anchor>
                </Node>
                
                <Node type="section">
                    <Path>Classes/BPicture.html</Path>
                    <Name>Properties</Name>
                    <Anchor>properties</Anchor>
                </Node>
                
                
                
                <Node type="section">
                    <Path>Classes/BPicture.html</Path>
                    <Name>Instance Methods</Name>
                    <Anchor>instance_methods</Anchor>
                </Node>
                
            </Subnodes>
            
        </Node>
		<Node id="2" type="file" documentType="reference">
            <Name>BUser</Name>
            <Path>Classes/BUser.html</Path>
            
                <Subnodes>
                <Node type="section">
                    <Path>Classes/BUser.html</Path>
                    <Name>Overview</Name>
                    <Anchor>overview</Anchor>
                </Node>
                <Node type="section">
                    <Path>Classes/BUser.html</Path>
                    <Name>Tasks</Name>
                    <Anchor>tasks</Anchor>
                </Node>
                
                <Node type="section">
                    <Path>Classes/BUser.html</Path>
                    <Name>Properties</Name>
                    <Anchor>properties</Anchor>
                </Node>
                
                
                
                <Node type="section">
                    <Path>Classes/BUser.html</Path>
                    <Name>Instance Methods</Name>
                    <Anchor>instance_methods</Anchor>
                </Node>
                
            </Subnodes>
            
        </Node>
		<Node id="3" type="file" documentType="reference">
            <Name>BWebviewOptions</Name>
            <Path>Classes/BWebviewOptions.html</Path>
            
                <Subnodes>
                <Node type="section">
                    <Path>Classes/BWebviewOptions.html</Path>
                    <Name>Overview</Name>
                    <Anchor>overview</Anchor>
                </Node>
                <Node type="section">
                    <Path>Classes/BWebviewOptions.html</Path>
                    <Name>Tasks</Name>
                    <Anchor>tasks</Anchor>
                </Node>
                
                
                
                <Node type="section">
                    <Path>Classes/BWebviewOptions.html</Path>
                    <Name>Instance Methods</Name>
                    <Anchor>instance_methods</Anchor>
                </Node>
                
            </Subnodes>
            
        </Node>
		<Node id="4" type="file" documentType="reference">
            <Name>Box</Name>
            <Path>Classes/Box.html</Path>
            
                <Subnodes>
                <Node type="section">
                    <Path>Classes/Box.html</Path>
                    <Name>Overview</Name>
                    <Anchor>overview</Anchor>
                </Node>
                <Node type="section">
                    <Path>Classes/Box.html</Path>
                    <Name>Tasks</Name>
                    <Anchor>tasks</Anchor>
                </Node>
                
                
                <Node type="section">
                    <Path>Classes/Box.html</Path>
                    <Name>Class Methods</Name>
                    <Anchor>class_methods</Anchor>
                </Node>
                
                
            </Subnodes>
            
        </Node>
		<Node id="5" type="file" documentType="reference">
            <Name>RxMatch</Name>
            <Path>Classes/RxMatch.html</Path>
            
        </Node>
		<Node id="6" type="file" documentType="reference">
            <Name>RxMatchGroup</Name>
            <Path>Classes/RxMatchGroup.html</Path>
            
        </Node>
		
		<Node id="7" type="file" documentType="reference">
            <Name>NSRegularExpression(ObjectiveCRegexCategories)</Name>
            <Path>Categories/NSRegularExpression+ObjectiveCRegexCategories.html</Path>
            
                <Subnodes>
                <Node type="section">
                    <Path>Categories/NSRegularExpression+ObjectiveCRegexCategories.html</Path>
                    <Name>Overview</Name>
                    <Anchor>overview</Anchor>
                </Node>
                <Node type="section">
                    <Path>Categories/NSRegularExpression+ObjectiveCRegexCategories.html</Path>
                    <Name>Tasks</Name>
                    <Anchor>tasks</Anchor>
                </Node>
                
                
                <Node type="section">
                    <Path>Categories/NSRegularExpression+ObjectiveCRegexCategories.html</Path>
                    <Name>Class Methods</Name>
                    <Anchor>class_methods</Anchor>
                </Node>
                
                
                <Node type="section">
                    <Path>Categories/NSRegularExpression+ObjectiveCRegexCategories.html</Path>
                    <Name>Instance Methods</Name>
                    <Anchor>instance_methods</Anchor>
                </Node>
                
            </Subnodes>
            
        </Node>
		<Node id="8" type="file" documentType="reference">
            <Name>NSString(ObjectiveCRegexCategories)</Name>
            <Path>Categories/NSString+ObjectiveCRegexCategories.html</Path>
            
                <Subnodes>
                <Node type="section">
                    <Path>Categories/NSString+ObjectiveCRegexCategories.html</Path>
                    <Name>Overview</Name>
                    <Anchor>overview</Anchor>
                </Node>
                <Node type="section">
                    <Path>Categories/NSString+ObjectiveCRegexCategories.html</Path>
                    <Name>Tasks</Name>
                    <Anchor>tasks</Anchor>
                </Node>
                
                
                
                <Node type="section">
                    <Path>Categories/NSString+ObjectiveCRegexCategories.html</Path>
                    <Name>Instance Methods</Name>
                    <Anchor>instance_methods</Anchor>
                </Node>
                
            </Subnodes>
            
        </Node>
		
        <Node id="9" type="file" documentType="reference">
            <Name>BBoxRequestDelegate</Name>
            <Path>Protocols/BBoxRequestDelegate.html</Path>
            
                <Subnodes>
                <Node type="section">
                    <Path>Protocols/BBoxRequestDelegate.html</Path>
                    <Name>Overview</Name>
                    <Anchor>overview</Anchor>
                </Node>
                <Node type="section">
                    <Path>Protocols/BBoxRequestDelegate.html</Path>
                    <Name>Tasks</Name>
                    <Anchor>tasks</Anchor>
                </Node>
                
                
                
                <Node type="section">
                    <Path>Protocols/BBoxRequestDelegate.html</Path>
                    <Name>Instance Methods</Name>
                    <Anchor>instance_methods</Anchor>
                </Node>
                
            </Subnodes>
            
        </Node>
		
        <Node id="10" type="file" documentType="reference">
            <Name>BBannerPosition</Name>
            <Path>Constants/BBannerPosition.html</Path>
            
        </Node>
		<Node id="11" type="file" documentType="reference">
            <Name>BTypePicture</Name>
            <Path>Constants/BTypePicture.html</Path>
            
        </Node>
		
        
	</Library>
</DocSetNodes>