<?xml version="1.0" encoding="UTF-8"?>
<Tokens version="1.0">
	<File path="Classes/BUser.html">
		
		<Token>
			<TokenIdentifier>//apple_ref/occ/cl/BUser</TokenIdentifier>
			<Abstract type="html">Define a Box user</Abstract>
			<DeclaredIn>BUser.h</DeclaredIn>
            
			
			<NodeRef refid="2"/>
		</Token>
		
		
		<Token>
			<TokenIdentifier>//apple_ref/occ/instm/BUser/setCivility:</TokenIdentifier>
			<Abstract type="html">Sets the user civility</Abstract>
			<DeclaredIn>BUser.h</DeclaredIn>
			
			<Declaration>@property (nonatomic) NSString *civility</Declaration>
			<Parameters>
				<Parameter>
					<Name>value</Name>
					<Abstract type="html">NSString the civility of the user
value must respect the following text regular expression  : /^[a-zA-ZàáâãäåæÀÁÃÂÄÅÆßçÇéèêëÉÊÈËîïíÎÏÍñÑóôòöðœÓÔÕÖÒŒúùûüÚÛÙÜýÿÝŸþÞ\-\s\&apos;]+$/i</Abstract>
				</Parameter>
			</Parameters>
			
			<Anchor>//api/name/civility</Anchor>
            <NodeRef refid="2"/>
		</Token>
		
		<Token>
			<TokenIdentifier>//apple_ref/occ/instm/BUser/civility</TokenIdentifier>
			<Abstract type="html">Sets the user civility</Abstract>
			<DeclaredIn>BUser.h</DeclaredIn>
			
			<Declaration>@property (nonatomic) NSString *civility</Declaration>
			<Parameters>
				<Parameter>
					<Name>value</Name>
					<Abstract type="html">NSString the civility of the user
value must respect the following text regular expression  : /^[a-zA-ZàáâãäåæÀÁÃÂÄÅÆßçÇéèêëÉÊÈËîïíÎÏÍñÑóôòöðœÓÔÕÖÒŒúùûüÚÛÙÜýÿÝŸþÞ\-\s\&apos;]+$/i</Abstract>
				</Parameter>
			</Parameters>
			
			<Anchor>//api/name/civility</Anchor>
            <NodeRef refid="2"/>
		</Token>
		
		<Token>
			<TokenIdentifier>//apple_ref/occ/instp/BUser/civility</TokenIdentifier>
			<Abstract type="html">Sets the user civility</Abstract>
			<DeclaredIn>BUser.h</DeclaredIn>
			
			<Declaration>@property (nonatomic) NSString *civility</Declaration>
			<Parameters>
				<Parameter>
					<Name>value</Name>
					<Abstract type="html">NSString the civility of the user
value must respect the following text regular expression  : /^[a-zA-ZàáâãäåæÀÁÃÂÄÅÆßçÇéèêëÉÊÈËîïíÎÏÍñÑóôòöðœÓÔÕÖÒŒúùûüÚÛÙÜýÿÝŸþÞ\-\s\&apos;]+$/i</Abstract>
				</Parameter>
			</Parameters>
			
			<Anchor>//api/name/civility</Anchor>
            <NodeRef refid="2"/>
		</Token>
		
		<Token>
			<TokenIdentifier>//apple_ref/occ/instm/BUser/setLastname:</TokenIdentifier>
			<Abstract type="html">Sets the user lastname</Abstract>
			<DeclaredIn>BUser.h</DeclaredIn>
			
			<Declaration>@property (nonatomic) NSString *lastname</Declaration>
			<Parameters>
				<Parameter>
					<Name>value</Name>
					<Abstract type="html">NSString the lastname of the user
value must respect the following text regular expression  : /^[a-zA-ZàáâãäåæÀÁÃÂÄÅÆßçÇéèêëÉÊÈËîïíÎÏÍñÑóôòöðœÓÔÕÖÒŒúùûüÚÛÙÜýÿÝŸþÞ\-\s\&apos;]+$/i</Abstract>
				</Parameter>
			</Parameters>
			
			<Anchor>//api/name/lastname</Anchor>
            <NodeRef refid="2"/>
		</Token>
		
		<Token>
			<TokenIdentifier>//apple_ref/occ/instm/BUser/lastname</TokenIdentifier>
			<Abstract type="html">Sets the user lastname</Abstract>
			<DeclaredIn>BUser.h</DeclaredIn>
			
			<Declaration>@property (nonatomic) NSString *lastname</Declaration>
			<Parameters>
				<Parameter>
					<Name>value</Name>
					<Abstract type="html">NSString the lastname of the user
value must respect the following text regular expression  : /^[a-zA-ZàáâãäåæÀÁÃÂÄÅÆßçÇéèêëÉÊÈËîïíÎÏÍñÑóôòöðœÓÔÕÖÒŒúùûüÚÛÙÜýÿÝŸþÞ\-\s\&apos;]+$/i</Abstract>
				</Parameter>
			</Parameters>
			
			<Anchor>//api/name/lastname</Anchor>
            <NodeRef refid="2"/>
		</Token>
		
		<Token>
			<TokenIdentifier>//apple_ref/occ/instp/BUser/lastname</TokenIdentifier>
			<Abstract type="html">Sets the user lastname</Abstract>
			<DeclaredIn>BUser.h</DeclaredIn>
			
			<Declaration>@property (nonatomic) NSString *lastname</Declaration>
			<Parameters>
				<Parameter>
					<Name>value</Name>
					<Abstract type="html">NSString the lastname of the user
value must respect the following text regular expression  : /^[a-zA-ZàáâãäåæÀÁÃÂÄÅÆßçÇéèêëÉÊÈËîïíÎÏÍñÑóôòöðœÓÔÕÖÒŒúùûüÚÛÙÜýÿÝŸþÞ\-\s\&apos;]+$/i</Abstract>
				</Parameter>
			</Parameters>
			
			<Anchor>//api/name/lastname</Anchor>
            <NodeRef refid="2"/>
		</Token>
		
		<Token>
			<TokenIdentifier>//apple_ref/occ/instm/BUser/setFirstname:</TokenIdentifier>
			<Abstract type="html">Sets the user firstname</Abstract>
			<DeclaredIn>BUser.h</DeclaredIn>
			
			<Declaration>@property (nonatomic) NSString *firstname</Declaration>
			<Parameters>
				<Parameter>
					<Name>value</Name>
					<Abstract type="html">NSString the firstname of the user
value must respect the following text regular expression  : /^[a-zA-ZàáâãäåæÀÁÃÂÄÅÆßçÇéèêëÉÊÈËîïíÎÏÍñÑóôòöðœÓÔÕÖÒŒúùûüÚÛÙÜýÿÝŸþÞ\-\s\&apos;]+$/i</Abstract>
				</Parameter>
			</Parameters>
			
			<Anchor>//api/name/firstname</Anchor>
            <NodeRef refid="2"/>
		</Token>
		
		<Token>
			<TokenIdentifier>//apple_ref/occ/instm/BUser/firstname</TokenIdentifier>
			<Abstract type="html">Sets the user firstname</Abstract>
			<DeclaredIn>BUser.h</DeclaredIn>
			
			<Declaration>@property (nonatomic) NSString *firstname</Declaration>
			<Parameters>
				<Parameter>
					<Name>value</Name>
					<Abstract type="html">NSString the firstname of the user
value must respect the following text regular expression  : /^[a-zA-ZàáâãäåæÀÁÃÂÄÅÆßçÇéèêëÉÊÈËîïíÎÏÍñÑóôòöðœÓÔÕÖÒŒúùûüÚÛÙÜýÿÝŸþÞ\-\s\&apos;]+$/i</Abstract>
				</Parameter>
			</Parameters>
			
			<Anchor>//api/name/firstname</Anchor>
            <NodeRef refid="2"/>
		</Token>
		
		<Token>
			<TokenIdentifier>//apple_ref/occ/instp/BUser/firstname</TokenIdentifier>
			<Abstract type="html">Sets the user firstname</Abstract>
			<DeclaredIn>BUser.h</DeclaredIn>
			
			<Declaration>@property (nonatomic) NSString *firstname</Declaration>
			<Parameters>
				<Parameter>
					<Name>value</Name>
					<Abstract type="html">NSString the firstname of the user
value must respect the following text regular expression  : /^[a-zA-ZàáâãäåæÀÁÃÂÄÅÆßçÇéèêëÉÊÈËîïíÎÏÍñÑóôòöðœÓÔÕÖÒŒúùûüÚÛÙÜýÿÝŸþÞ\-\s\&apos;]+$/i</Abstract>
				</Parameter>
			</Parameters>
			
			<Anchor>//api/name/firstname</Anchor>
            <NodeRef refid="2"/>
		</Token>
		
		<Token>
			<TokenIdentifier>//apple_ref/occ/instm/BUser/setEmail:</TokenIdentifier>
			<Abstract type="html">Sets the user email</Abstract>
			<DeclaredIn>BUser.h</DeclaredIn>
			
			<Declaration>@property (nonatomic) NSString *email</Declaration>
			<Parameters>
				<Parameter>
					<Name>value</Name>
					<Abstract type="html">NSString the email of the user
value must respects the following email regular expression  :  /^[^\s()&lt;&gt;@,;:\/]+@\w[\w\.-]+\.[a-z]{2,}$/i</Abstract>
				</Parameter>
			</Parameters>
			
			<Anchor>//api/name/email</Anchor>
            <NodeRef refid="2"/>
		</Token>
		
		<Token>
			<TokenIdentifier>//apple_ref/occ/instm/BUser/email</TokenIdentifier>
			<Abstract type="html">Sets the user email</Abstract>
			<DeclaredIn>BUser.h</DeclaredIn>
			
			<Declaration>@property (nonatomic) NSString *email</Declaration>
			<Parameters>
				<Parameter>
					<Name>value</Name>
					<Abstract type="html">NSString the email of the user
value must respects the following email regular expression  :  /^[^\s()&lt;&gt;@,;:\/]+@\w[\w\.-]+\.[a-z]{2,}$/i</Abstract>
				</Parameter>
			</Parameters>
			
			<Anchor>//api/name/email</Anchor>
            <NodeRef refid="2"/>
		</Token>
		
		<Token>
			<TokenIdentifier>//apple_ref/occ/instp/BUser/email</TokenIdentifier>
			<Abstract type="html">Sets the user email</Abstract>
			<DeclaredIn>BUser.h</DeclaredIn>
			
			<Declaration>@property (nonatomic) NSString *email</Declaration>
			<Parameters>
				<Parameter>
					<Name>value</Name>
					<Abstract type="html">NSString the email of the user
value must respects the following email regular expression  :  /^[^\s()&lt;&gt;@,;:\/]+@\w[\w\.-]+\.[a-z]{2,}$/i</Abstract>
				</Parameter>
			</Parameters>
			
			<Anchor>//api/name/email</Anchor>
            <NodeRef refid="2"/>
		</Token>
		
		<Token>
			<TokenIdentifier>//apple_ref/occ/instm/BUser/setAddress:</TokenIdentifier>
			<Abstract type="html">Sets the user address</Abstract>
			<DeclaredIn>BUser.h</DeclaredIn>
			
			<Declaration>@property (nonatomic) NSString *address</Declaration>
			<Parameters>
				<Parameter>
					<Name>value</Name>
					<Abstract type="html">NSString the address of the user</Abstract>
				</Parameter>
			</Parameters>
			
			<Anchor>//api/name/address</Anchor>
            <NodeRef refid="2"/>
		</Token>
		
		<Token>
			<TokenIdentifier>//apple_ref/occ/instm/BUser/address</TokenIdentifier>
			<Abstract type="html">Sets the user address</Abstract>
			<DeclaredIn>BUser.h</DeclaredIn>
			
			<Declaration>@property (nonatomic) NSString *address</Declaration>
			<Parameters>
				<Parameter>
					<Name>value</Name>
					<Abstract type="html">NSString the address of the user</Abstract>
				</Parameter>
			</Parameters>
			
			<Anchor>//api/name/address</Anchor>
            <NodeRef refid="2"/>
		</Token>
		
		<Token>
			<TokenIdentifier>//apple_ref/occ/instp/BUser/address</TokenIdentifier>
			<Abstract type="html">Sets the user address</Abstract>
			<DeclaredIn>BUser.h</DeclaredIn>
			
			<Declaration>@property (nonatomic) NSString *address</Declaration>
			<Parameters>
				<Parameter>
					<Name>value</Name>
					<Abstract type="html">NSString the address of the user</Abstract>
				</Parameter>
			</Parameters>
			
			<Anchor>//api/name/address</Anchor>
            <NodeRef refid="2"/>
		</Token>
		
		<Token>
			<TokenIdentifier>//apple_ref/occ/instm/BUser/setZipCode:</TokenIdentifier>
			<Abstract type="html">Sets the user zipCode</Abstract>
			<DeclaredIn>BUser.h</DeclaredIn>
			
			<Declaration>@property (nonatomic) NSString *zipCode</Declaration>
			<Parameters>
				<Parameter>
					<Name>value</Name>
					<Abstract type="html">NSString the zipCode of the user
value must respect the following number regular expression  : /^[0-9]+$/i</Abstract>
				</Parameter>
			</Parameters>
			
			<Anchor>//api/name/zipCode</Anchor>
            <NodeRef refid="2"/>
		</Token>
		
		<Token>
			<TokenIdentifier>//apple_ref/occ/instm/BUser/zipCode</TokenIdentifier>
			<Abstract type="html">Sets the user zipCode</Abstract>
			<DeclaredIn>BUser.h</DeclaredIn>
			
			<Declaration>@property (nonatomic) NSString *zipCode</Declaration>
			<Parameters>
				<Parameter>
					<Name>value</Name>
					<Abstract type="html">NSString the zipCode of the user
value must respect the following number regular expression  : /^[0-9]+$/i</Abstract>
				</Parameter>
			</Parameters>
			
			<Anchor>//api/name/zipCode</Anchor>
            <NodeRef refid="2"/>
		</Token>
		
		<Token>
			<TokenIdentifier>//apple_ref/occ/instp/BUser/zipCode</TokenIdentifier>
			<Abstract type="html">Sets the user zipCode</Abstract>
			<DeclaredIn>BUser.h</DeclaredIn>
			
			<Declaration>@property (nonatomic) NSString *zipCode</Declaration>
			<Parameters>
				<Parameter>
					<Name>value</Name>
					<Abstract type="html">NSString the zipCode of the user
value must respect the following number regular expression  : /^[0-9]+$/i</Abstract>
				</Parameter>
			</Parameters>
			
			<Anchor>//api/name/zipCode</Anchor>
            <NodeRef refid="2"/>
		</Token>
		
		<Token>
			<TokenIdentifier>//apple_ref/occ/instm/BUser/setCountry:</TokenIdentifier>
			<Abstract type="html">Sets the user country</Abstract>
			<DeclaredIn>BUser.h</DeclaredIn>
			
			<Declaration>@property (nonatomic) NSString *country</Declaration>
			<Parameters>
				<Parameter>
					<Name>value</Name>
					<Abstract type="html">NSString the country of the user
value must respect the following text regular expression  : /^[a-zA-ZàáâãäåæÀÁÃÂÄÅÆßçÇéèêëÉÊÈËîïíÎÏÍñÑóôòöðœÓÔÕÖÒŒúùûüÚÛÙÜýÿÝŸþÞ\-\s\&apos;]+$/i</Abstract>
				</Parameter>
			</Parameters>
			
			<Anchor>//api/name/country</Anchor>
            <NodeRef refid="2"/>
		</Token>
		
		<Token>
			<TokenIdentifier>//apple_ref/occ/instm/BUser/country</TokenIdentifier>
			<Abstract type="html">Sets the user country</Abstract>
			<DeclaredIn>BUser.h</DeclaredIn>
			
			<Declaration>@property (nonatomic) NSString *country</Declaration>
			<Parameters>
				<Parameter>
					<Name>value</Name>
					<Abstract type="html">NSString the country of the user
value must respect the following text regular expression  : /^[a-zA-ZàáâãäåæÀÁÃÂÄÅÆßçÇéèêëÉÊÈËîïíÎÏÍñÑóôòöðœÓÔÕÖÒŒúùûüÚÛÙÜýÿÝŸþÞ\-\s\&apos;]+$/i</Abstract>
				</Parameter>
			</Parameters>
			
			<Anchor>//api/name/country</Anchor>
            <NodeRef refid="2"/>
		</Token>
		
		<Token>
			<TokenIdentifier>//apple_ref/occ/instp/BUser/country</TokenIdentifier>
			<Abstract type="html">Sets the user country</Abstract>
			<DeclaredIn>BUser.h</DeclaredIn>
			
			<Declaration>@property (nonatomic) NSString *country</Declaration>
			<Parameters>
				<Parameter>
					<Name>value</Name>
					<Abstract type="html">NSString the country of the user
value must respect the following text regular expression  : /^[a-zA-ZàáâãäåæÀÁÃÂÄÅÆßçÇéèêëÉÊÈËîïíÎÏÍñÑóôòöðœÓÔÕÖÒŒúùûüÚÛÙÜýÿÝŸþÞ\-\s\&apos;]+$/i</Abstract>
				</Parameter>
			</Parameters>
			
			<Anchor>//api/name/country</Anchor>
            <NodeRef refid="2"/>
		</Token>
		
		<Token>
			<TokenIdentifier>//apple_ref/occ/instm/BUser/setBirthday:</TokenIdentifier>
			<Abstract type="html">Sets the user birthday</Abstract>
			<DeclaredIn>BUser.h</DeclaredIn>
			
			<Declaration>@property (nonatomic) NSString *birthday</Declaration>
			<Parameters>
				<Parameter>
					<Name>value</Name>
					<Abstract type="html">NSString the birthday of the user
value must respects the following date regular expression  : Euro: /^(0?[1-9]|[12][0-9]|3[01])\/\-[\/\-]\d{4}$/ US: /^[0-9]{4}\-(0[1-9]|1[012])\-(0[1-9]|[12][0-9]|3[01])/</Abstract>
				</Parameter>
			</Parameters>
			
			<Anchor>//api/name/birthday</Anchor>
            <NodeRef refid="2"/>
		</Token>
		
		<Token>
			<TokenIdentifier>//apple_ref/occ/instm/BUser/birthday</TokenIdentifier>
			<Abstract type="html">Sets the user birthday</Abstract>
			<DeclaredIn>BUser.h</DeclaredIn>
			
			<Declaration>@property (nonatomic) NSString *birthday</Declaration>
			<Parameters>
				<Parameter>
					<Name>value</Name>
					<Abstract type="html">NSString the birthday of the user
value must respects the following date regular expression  : Euro: /^(0?[1-9]|[12][0-9]|3[01])\/\-[\/\-]\d{4}$/ US: /^[0-9]{4}\-(0[1-9]|1[012])\-(0[1-9]|[12][0-9]|3[01])/</Abstract>
				</Parameter>
			</Parameters>
			
			<Anchor>//api/name/birthday</Anchor>
            <NodeRef refid="2"/>
		</Token>
		
		<Token>
			<TokenIdentifier>//apple_ref/occ/instp/BUser/birthday</TokenIdentifier>
			<Abstract type="html">Sets the user birthday</Abstract>
			<DeclaredIn>BUser.h</DeclaredIn>
			
			<Declaration>@property (nonatomic) NSString *birthday</Declaration>
			<Parameters>
				<Parameter>
					<Name>value</Name>
					<Abstract type="html">NSString the birthday of the user
value must respects the following date regular expression  : Euro: /^(0?[1-9]|[12][0-9]|3[01])\/\-[\/\-]\d{4}$/ US: /^[0-9]{4}\-(0[1-9]|1[012])\-(0[1-9]|[12][0-9]|3[01])/</Abstract>
				</Parameter>
			</Parameters>
			
			<Anchor>//api/name/birthday</Anchor>
            <NodeRef refid="2"/>
		</Token>
		
		<Token>
			<TokenIdentifier>//apple_ref/occ/instm/BUser/setLoyalty:</TokenIdentifier>
			<Abstract type="html">Sets the user loyalty</Abstract>
			<DeclaredIn>BUser.h</DeclaredIn>
			
			<Declaration>@property (nonatomic) NSString *loyalty</Declaration>
			<Parameters>
				<Parameter>
					<Name>value</Name>
					<Abstract type="html">NSString the loyalty of the user
value must respect the following number regular expression  : /^[0-9]+$/i</Abstract>
				</Parameter>
			</Parameters>
			
			<Anchor>//api/name/loyalty</Anchor>
            <NodeRef refid="2"/>
		</Token>
		
		<Token>
			<TokenIdentifier>//apple_ref/occ/instm/BUser/loyalty</TokenIdentifier>
			<Abstract type="html">Sets the user loyalty</Abstract>
			<DeclaredIn>BUser.h</DeclaredIn>
			
			<Declaration>@property (nonatomic) NSString *loyalty</Declaration>
			<Parameters>
				<Parameter>
					<Name>value</Name>
					<Abstract type="html">NSString the loyalty of the user
value must respect the following number regular expression  : /^[0-9]+$/i</Abstract>
				</Parameter>
			</Parameters>
			
			<Anchor>//api/name/loyalty</Anchor>
            <NodeRef refid="2"/>
		</Token>
		
		<Token>
			<TokenIdentifier>//apple_ref/occ/instp/BUser/loyalty</TokenIdentifier>
			<Abstract type="html">Sets the user loyalty</Abstract>
			<DeclaredIn>BUser.h</DeclaredIn>
			
			<Declaration>@property (nonatomic) NSString *loyalty</Declaration>
			<Parameters>
				<Parameter>
					<Name>value</Name>
					<Abstract type="html">NSString the loyalty of the user
value must respect the following number regular expression  : /^[0-9]+$/i</Abstract>
				</Parameter>
			</Parameters>
			
			<Anchor>//api/name/loyalty</Anchor>
            <NodeRef refid="2"/>
		</Token>
		
		<Token>
			<TokenIdentifier>//apple_ref/occ/instm/BUser/setDeskPhone:</TokenIdentifier>
			<Abstract type="html">Sets the user desk phone</Abstract>
			<DeclaredIn>BUser.h</DeclaredIn>
			
			<Declaration>@property (nonatomic) NSString *deskPhone</Declaration>
			<Parameters>
				<Parameter>
					<Name>value</Name>
					<Abstract type="html">NSString the desk phone of the user
value must respect the following number regular expression  : /^[0-9]+$/i</Abstract>
				</Parameter>
			</Parameters>
			
			<Anchor>//api/name/deskPhone</Anchor>
            <NodeRef refid="2"/>
		</Token>
		
		<Token>
			<TokenIdentifier>//apple_ref/occ/instm/BUser/deskPhone</TokenIdentifier>
			<Abstract type="html">Sets the user desk phone</Abstract>
			<DeclaredIn>BUser.h</DeclaredIn>
			
			<Declaration>@property (nonatomic) NSString *deskPhone</Declaration>
			<Parameters>
				<Parameter>
					<Name>value</Name>
					<Abstract type="html">NSString the desk phone of the user
value must respect the following number regular expression  : /^[0-9]+$/i</Abstract>
				</Parameter>
			</Parameters>
			
			<Anchor>//api/name/deskPhone</Anchor>
            <NodeRef refid="2"/>
		</Token>
		
		<Token>
			<TokenIdentifier>//apple_ref/occ/instp/BUser/deskPhone</TokenIdentifier>
			<Abstract type="html">Sets the user desk phone</Abstract>
			<DeclaredIn>BUser.h</DeclaredIn>
			
			<Declaration>@property (nonatomic) NSString *deskPhone</Declaration>
			<Parameters>
				<Parameter>
					<Name>value</Name>
					<Abstract type="html">NSString the desk phone of the user
value must respect the following number regular expression  : /^[0-9]+$/i</Abstract>
				</Parameter>
			</Parameters>
			
			<Anchor>//api/name/deskPhone</Anchor>
            <NodeRef refid="2"/>
		</Token>
		
		<Token>
			<TokenIdentifier>//apple_ref/occ/instm/BUser/setMobilePhone:</TokenIdentifier>
			<Abstract type="html">Sets the user mobile phone</Abstract>
			<DeclaredIn>BUser.h</DeclaredIn>
			
			<Declaration>@property (nonatomic) NSString *mobilePhone</Declaration>
			<Parameters>
				<Parameter>
					<Name>value</Name>
					<Abstract type="html">NSString the mobile phone of the user
value must respect the following number regular expression  : /^[0-9]+$/i</Abstract>
				</Parameter>
			</Parameters>
			
			<Anchor>//api/name/mobilePhone</Anchor>
            <NodeRef refid="2"/>
		</Token>
		
		<Token>
			<TokenIdentifier>//apple_ref/occ/instm/BUser/mobilePhone</TokenIdentifier>
			<Abstract type="html">Sets the user mobile phone</Abstract>
			<DeclaredIn>BUser.h</DeclaredIn>
			
			<Declaration>@property (nonatomic) NSString *mobilePhone</Declaration>
			<Parameters>
				<Parameter>
					<Name>value</Name>
					<Abstract type="html">NSString the mobile phone of the user
value must respect the following number regular expression  : /^[0-9]+$/i</Abstract>
				</Parameter>
			</Parameters>
			
			<Anchor>//api/name/mobilePhone</Anchor>
            <NodeRef refid="2"/>
		</Token>
		
		<Token>
			<TokenIdentifier>//apple_ref/occ/instp/BUser/mobilePhone</TokenIdentifier>
			<Abstract type="html">Sets the user mobile phone</Abstract>
			<DeclaredIn>BUser.h</DeclaredIn>
			
			<Declaration>@property (nonatomic) NSString *mobilePhone</Declaration>
			<Parameters>
				<Parameter>
					<Name>value</Name>
					<Abstract type="html">NSString the mobile phone of the user
value must respect the following number regular expression  : /^[0-9]+$/i</Abstract>
				</Parameter>
			</Parameters>
			
			<Anchor>//api/name/mobilePhone</Anchor>
            <NodeRef refid="2"/>
		</Token>
		
		<Token>
			<TokenIdentifier>//apple_ref/occ/instm/BUser/setReglement:</TokenIdentifier>
			<Abstract type="html">Sets the user reglement</Abstract>
			<DeclaredIn>BUser.h</DeclaredIn>
			
			<Declaration>@property (nonatomic) NSString *reglement</Declaration>
			<Parameters>
				<Parameter>
					<Name>value</Name>
					<Abstract type="html">BOOL the reglement of the user</Abstract>
				</Parameter>
			</Parameters>
			
			<Anchor>//api/name/reglement</Anchor>
            <NodeRef refid="2"/>
		</Token>
		
		<Token>
			<TokenIdentifier>//apple_ref/occ/instm/BUser/reglement</TokenIdentifier>
			<Abstract type="html">Sets the user reglement</Abstract>
			<DeclaredIn>BUser.h</DeclaredIn>
			
			<Declaration>@property (nonatomic) NSString *reglement</Declaration>
			<Parameters>
				<Parameter>
					<Name>value</Name>
					<Abstract type="html">BOOL the reglement of the user</Abstract>
				</Parameter>
			</Parameters>
			
			<Anchor>//api/name/reglement</Anchor>
            <NodeRef refid="2"/>
		</Token>
		
		<Token>
			<TokenIdentifier>//apple_ref/occ/instp/BUser/reglement</TokenIdentifier>
			<Abstract type="html">Sets the user reglement</Abstract>
			<DeclaredIn>BUser.h</DeclaredIn>
			
			<Declaration>@property (nonatomic) NSString *reglement</Declaration>
			<Parameters>
				<Parameter>
					<Name>value</Name>
					<Abstract type="html">BOOL the reglement of the user</Abstract>
				</Parameter>
			</Parameters>
			
			<Anchor>//api/name/reglement</Anchor>
            <NodeRef refid="2"/>
		</Token>
		
		<Token>
			<TokenIdentifier>//apple_ref/occ/instm/BUser/setNewletter:</TokenIdentifier>
			<Abstract type="html">Sets the user newletter</Abstract>
			<DeclaredIn>BUser.h</DeclaredIn>
			
			<Declaration>@property (nonatomic) NSString *newletter</Declaration>
			<Parameters>
				<Parameter>
					<Name>value</Name>
					<Abstract type="html">BOOL the newletter of the user</Abstract>
				</Parameter>
			</Parameters>
			
			<Anchor>//api/name/newletter</Anchor>
            <NodeRef refid="2"/>
		</Token>
		
		<Token>
			<TokenIdentifier>//apple_ref/occ/instm/BUser/newletter</TokenIdentifier>
			<Abstract type="html">Sets the user newletter</Abstract>
			<DeclaredIn>BUser.h</DeclaredIn>
			
			<Declaration>@property (nonatomic) NSString *newletter</Declaration>
			<Parameters>
				<Parameter>
					<Name>value</Name>
					<Abstract type="html">BOOL the newletter of the user</Abstract>
				</Parameter>
			</Parameters>
			
			<Anchor>//api/name/newletter</Anchor>
            <NodeRef refid="2"/>
		</Token>
		
		<Token>
			<TokenIdentifier>//apple_ref/occ/instp/BUser/newletter</TokenIdentifier>
			<Abstract type="html">Sets the user newletter</Abstract>
			<DeclaredIn>BUser.h</DeclaredIn>
			
			<Declaration>@property (nonatomic) NSString *newletter</Declaration>
			<Parameters>
				<Parameter>
					<Name>value</Name>
					<Abstract type="html">BOOL the newletter of the user</Abstract>
				</Parameter>
			</Parameters>
			
			<Anchor>//api/name/newletter</Anchor>
            <NodeRef refid="2"/>
		</Token>
		
		<Token>
			<TokenIdentifier>//apple_ref/occ/instm/BUser/setNickName:</TokenIdentifier>
			<Abstract type="html">Sets the user nickName</Abstract>
			<DeclaredIn>BUser.h</DeclaredIn>
			
			<Declaration>@property (nonatomic) NSString *nickName</Declaration>
			<Parameters>
				<Parameter>
					<Name>value</Name>
					<Abstract type="html">NSString the nickName of the user</Abstract>
				</Parameter>
			</Parameters>
			
			<Anchor>//api/name/nickName</Anchor>
            <NodeRef refid="2"/>
		</Token>
		
		<Token>
			<TokenIdentifier>//apple_ref/occ/instm/BUser/nickName</TokenIdentifier>
			<Abstract type="html">Sets the user nickName</Abstract>
			<DeclaredIn>BUser.h</DeclaredIn>
			
			<Declaration>@property (nonatomic) NSString *nickName</Declaration>
			<Parameters>
				<Parameter>
					<Name>value</Name>
					<Abstract type="html">NSString the nickName of the user</Abstract>
				</Parameter>
			</Parameters>
			
			<Anchor>//api/name/nickName</Anchor>
            <NodeRef refid="2"/>
		</Token>
		
		<Token>
			<TokenIdentifier>//apple_ref/occ/instp/BUser/nickName</TokenIdentifier>
			<Abstract type="html">Sets the user nickName</Abstract>
			<DeclaredIn>BUser.h</DeclaredIn>
			
			<Declaration>@property (nonatomic) NSString *nickName</Declaration>
			<Parameters>
				<Parameter>
					<Name>value</Name>
					<Abstract type="html">NSString the nickName of the user</Abstract>
				</Parameter>
			</Parameters>
			
			<Anchor>//api/name/nickName</Anchor>
            <NodeRef refid="2"/>
		</Token>
		
		<Token>
			<TokenIdentifier>//apple_ref/occ/instm/BUser/setState:</TokenIdentifier>
			<Abstract type="html">Sets the user state</Abstract>
			<DeclaredIn>BUser.h</DeclaredIn>
			
			<Declaration>@property (nonatomic) NSString *state</Declaration>
			<Parameters>
				<Parameter>
					<Name>value</Name>
					<Abstract type="html">NSString the state of the user
value must respect the following text regular expression  : /^[a-zA-ZàáâãäåæÀÁÃÂÄÅÆßçÇéèêëÉÊÈËîïíÎÏÍñÑóôòöðœÓÔÕÖÒŒúùûüÚÛÙÜýÿÝŸþÞ\-\s\&apos;]+$/i</Abstract>
				</Parameter>
			</Parameters>
			
			<Anchor>//api/name/state</Anchor>
            <NodeRef refid="2"/>
		</Token>
		
		<Token>
			<TokenIdentifier>//apple_ref/occ/instm/BUser/state</TokenIdentifier>
			<Abstract type="html">Sets the user state</Abstract>
			<DeclaredIn>BUser.h</DeclaredIn>
			
			<Declaration>@property (nonatomic) NSString *state</Declaration>
			<Parameters>
				<Parameter>
					<Name>value</Name>
					<Abstract type="html">NSString the state of the user
value must respect the following text regular expression  : /^[a-zA-ZàáâãäåæÀÁÃÂÄÅÆßçÇéèêëÉÊÈËîïíÎÏÍñÑóôòöðœÓÔÕÖÒŒúùûüÚÛÙÜýÿÝŸþÞ\-\s\&apos;]+$/i</Abstract>
				</Parameter>
			</Parameters>
			
			<Anchor>//api/name/state</Anchor>
            <NodeRef refid="2"/>
		</Token>
		
		<Token>
			<TokenIdentifier>//apple_ref/occ/instp/BUser/state</TokenIdentifier>
			<Abstract type="html">Sets the user state</Abstract>
			<DeclaredIn>BUser.h</DeclaredIn>
			
			<Declaration>@property (nonatomic) NSString *state</Declaration>
			<Parameters>
				<Parameter>
					<Name>value</Name>
					<Abstract type="html">NSString the state of the user
value must respect the following text regular expression  : /^[a-zA-ZàáâãäåæÀÁÃÂÄÅÆßçÇéèêëÉÊÈËîïíÎÏÍñÑóôòöðœÓÔÕÖÒŒúùûüÚÛÙÜýÿÝŸþÞ\-\s\&apos;]+$/i</Abstract>
				</Parameter>
			</Parameters>
			
			<Anchor>//api/name/state</Anchor>
            <NodeRef refid="2"/>
		</Token>
		
		<Token>
			<TokenIdentifier>//apple_ref/occ/instm/BUser/setPinterest_board:</TokenIdentifier>
			<Abstract type="html">Sets the user pinterest board</Abstract>
			<DeclaredIn>BUser.h</DeclaredIn>
			
			<Declaration>@property (nonatomic) NSString *pinterest_board</Declaration>
			<Parameters>
				<Parameter>
					<Name>value</Name>
					<Abstract type="html">NSString the pinterest board  of the user
value must respect the following text regular expression  : /^[a-zA-ZàáâãäåæÀÁÃÂÄÅÆßçÇéèêëÉÊÈËîïíÎÏÍñÑóôòöðœÓÔÕÖÒŒúùûüÚÛÙÜýÿÝŸþÞ\-\s\&apos;]+$/i</Abstract>
				</Parameter>
			</Parameters>
			
			<Anchor>//api/name/pinterest_board</Anchor>
            <NodeRef refid="2"/>
		</Token>
		
		<Token>
			<TokenIdentifier>//apple_ref/occ/instm/BUser/pinterest_board</TokenIdentifier>
			<Abstract type="html">Sets the user pinterest board</Abstract>
			<DeclaredIn>BUser.h</DeclaredIn>
			
			<Declaration>@property (nonatomic) NSString *pinterest_board</Declaration>
			<Parameters>
				<Parameter>
					<Name>value</Name>
					<Abstract type="html">NSString the pinterest board  of the user
value must respect the following text regular expression  : /^[a-zA-ZàáâãäåæÀÁÃÂÄÅÆßçÇéèêëÉÊÈËîïíÎÏÍñÑóôòöðœÓÔÕÖÒŒúùûüÚÛÙÜýÿÝŸþÞ\-\s\&apos;]+$/i</Abstract>
				</Parameter>
			</Parameters>
			
			<Anchor>//api/name/pinterest_board</Anchor>
            <NodeRef refid="2"/>
		</Token>
		
		<Token>
			<TokenIdentifier>//apple_ref/occ/instp/BUser/pinterest_board</TokenIdentifier>
			<Abstract type="html">Sets the user pinterest board</Abstract>
			<DeclaredIn>BUser.h</DeclaredIn>
			
			<Declaration>@property (nonatomic) NSString *pinterest_board</Declaration>
			<Parameters>
				<Parameter>
					<Name>value</Name>
					<Abstract type="html">NSString the pinterest board  of the user
value must respect the following text regular expression  : /^[a-zA-ZàáâãäåæÀÁÃÂÄÅÆßçÇéèêëÉÊÈËîïíÎÏÍñÑóôòöðœÓÔÕÖÒŒúùûüÚÛÙÜýÿÝŸþÞ\-\s\&apos;]+$/i</Abstract>
				</Parameter>
			</Parameters>
			
			<Anchor>//api/name/pinterest_board</Anchor>
            <NodeRef refid="2"/>
		</Token>
		
		<Token>
			<TokenIdentifier>//apple_ref/occ/instm/BUser/setAuthenticate:</TokenIdentifier>
			<Abstract type="html">Sets the user authenticate mode</Abstract>
			<DeclaredIn>BUser.h</DeclaredIn>
			
			<Declaration>@property (nonatomic) NSString *authenticate</Declaration>
			<Parameters>
				<Parameter>
					<Name>value</Name>
					<Abstract type="html">BOOL the authenticate mode  of the user</Abstract>
				</Parameter>
			</Parameters>
			
			<Anchor>//api/name/authenticate</Anchor>
            <NodeRef refid="2"/>
		</Token>
		
		<Token>
			<TokenIdentifier>//apple_ref/occ/instm/BUser/authenticate</TokenIdentifier>
			<Abstract type="html">Sets the user authenticate mode</Abstract>
			<DeclaredIn>BUser.h</DeclaredIn>
			
			<Declaration>@property (nonatomic) NSString *authenticate</Declaration>
			<Parameters>
				<Parameter>
					<Name>value</Name>
					<Abstract type="html">BOOL the authenticate mode  of the user</Abstract>
				</Parameter>
			</Parameters>
			
			<Anchor>//api/name/authenticate</Anchor>
            <NodeRef refid="2"/>
		</Token>
		
		<Token>
			<TokenIdentifier>//apple_ref/occ/instp/BUser/authenticate</TokenIdentifier>
			<Abstract type="html">Sets the user authenticate mode</Abstract>
			<DeclaredIn>BUser.h</DeclaredIn>
			
			<Declaration>@property (nonatomic) NSString *authenticate</Declaration>
			<Parameters>
				<Parameter>
					<Name>value</Name>
					<Abstract type="html">BOOL the authenticate mode  of the user</Abstract>
				</Parameter>
			</Parameters>
			
			<Anchor>//api/name/authenticate</Anchor>
            <NodeRef refid="2"/>
		</Token>
		
		<Token>
			<TokenIdentifier>//apple_ref/occ/instm/BUser/getCivility</TokenIdentifier>
			<Abstract type="html">Returns the user civility</Abstract>
			<DeclaredIn>BUser.h</DeclaredIn>
			
			<Declaration>- (NSString *)getCivility</Declaration>
			
			<ReturnValue><Abstract type="html">NSString Containing the civility of the user</Abstract></ReturnValue>
			<Anchor>//api/name/getCivility</Anchor>
            <NodeRef refid="2"/>
		</Token>
		
		<Token>
			<TokenIdentifier>//apple_ref/occ/instm/BUser/getLastname</TokenIdentifier>
			<Abstract type="html">Returns the user lastname</Abstract>
			<DeclaredIn>BUser.h</DeclaredIn>
			
			<Declaration>- (NSString *)getLastname</Declaration>
			
			<ReturnValue><Abstract type="html">NSString Containing the lastname of the user</Abstract></ReturnValue>
			<Anchor>//api/name/getLastname</Anchor>
            <NodeRef refid="2"/>
		</Token>
		
		<Token>
			<TokenIdentifier>//apple_ref/occ/instm/BUser/getFirstname</TokenIdentifier>
			<Abstract type="html">Returns the user firstname</Abstract>
			<DeclaredIn>BUser.h</DeclaredIn>
			
			<Declaration>- (NSString *)getFirstname</Declaration>
			
			<ReturnValue><Abstract type="html">NSString Containing the firstname of the user</Abstract></ReturnValue>
			<Anchor>//api/name/getFirstname</Anchor>
            <NodeRef refid="2"/>
		</Token>
		
		<Token>
			<TokenIdentifier>//apple_ref/occ/instm/BUser/getEmail</TokenIdentifier>
			<Abstract type="html">Returns the user email</Abstract>
			<DeclaredIn>BUser.h</DeclaredIn>
			
			<Declaration>- (NSString *)getEmail</Declaration>
			
			<ReturnValue><Abstract type="html">NSString Containing the email of the user</Abstract></ReturnValue>
			<Anchor>//api/name/getEmail</Anchor>
            <NodeRef refid="2"/>
		</Token>
		
		<Token>
			<TokenIdentifier>//apple_ref/occ/instm/BUser/getAddress</TokenIdentifier>
			<Abstract type="html">Returns the user address</Abstract>
			<DeclaredIn>BUser.h</DeclaredIn>
			
			<Declaration>- (NSString *)getAddress</Declaration>
			
			<ReturnValue><Abstract type="html">NSString Containing the address of the user</Abstract></ReturnValue>
			<Anchor>//api/name/getAddress</Anchor>
            <NodeRef refid="2"/>
		</Token>
		
		<Token>
			<TokenIdentifier>//apple_ref/occ/instm/BUser/getZipCode</TokenIdentifier>
			<Abstract type="html">Returns the user zipCode</Abstract>
			<DeclaredIn>BUser.h</DeclaredIn>
			
			<Declaration>- (NSString *)getZipCode</Declaration>
			
			<ReturnValue><Abstract type="html">NSString Containing the zipCode of the user</Abstract></ReturnValue>
			<Anchor>//api/name/getZipCode</Anchor>
            <NodeRef refid="2"/>
		</Token>
		
		<Token>
			<TokenIdentifier>//apple_ref/occ/instm/BUser/getCountry</TokenIdentifier>
			<Abstract type="html">Returns the user country</Abstract>
			<DeclaredIn>BUser.h</DeclaredIn>
			
			<Declaration>- (NSString *)getCountry</Declaration>
			
			<ReturnValue><Abstract type="html">NSString Containing the country of the user</Abstract></ReturnValue>
			<Anchor>//api/name/getCountry</Anchor>
            <NodeRef refid="2"/>
		</Token>
		
		<Token>
			<TokenIdentifier>//apple_ref/occ/instm/BUser/getBirthday</TokenIdentifier>
			<Abstract type="html">Returns the user birthday</Abstract>
			<DeclaredIn>BUser.h</DeclaredIn>
			
			<Declaration>- (NSString *)getBirthday</Declaration>
			
			<ReturnValue><Abstract type="html">NSString Containing the birthday of the user</Abstract></ReturnValue>
			<Anchor>//api/name/getBirthday</Anchor>
            <NodeRef refid="2"/>
		</Token>
		
		<Token>
			<TokenIdentifier>//apple_ref/occ/instm/BUser/getLoyalty</TokenIdentifier>
			<Abstract type="html">Returns the user loyalty</Abstract>
			<DeclaredIn>BUser.h</DeclaredIn>
			
			<Declaration>- (NSString *)getLoyalty</Declaration>
			
			<ReturnValue><Abstract type="html">NSString Containing the loyalty of the user</Abstract></ReturnValue>
			<Anchor>//api/name/getLoyalty</Anchor>
            <NodeRef refid="2"/>
		</Token>
		
		<Token>
			<TokenIdentifier>//apple_ref/occ/instm/BUser/getDeskPhone</TokenIdentifier>
			<Abstract type="html">Returns the user desk phone</Abstract>
			<DeclaredIn>BUser.h</DeclaredIn>
			
			<Declaration>- (NSString *)getDeskPhone</Declaration>
			
			<ReturnValue><Abstract type="html">NSString Containing the desk phone of the user</Abstract></ReturnValue>
			<Anchor>//api/name/getDeskPhone</Anchor>
            <NodeRef refid="2"/>
		</Token>
		
		<Token>
			<TokenIdentifier>//apple_ref/occ/instm/BUser/getMobilePhone</TokenIdentifier>
			<Abstract type="html">Returns the user mobile phone</Abstract>
			<DeclaredIn>BUser.h</DeclaredIn>
			
			<Declaration>- (NSString *)getMobilePhone</Declaration>
			
			<ReturnValue><Abstract type="html">NSString Containing the mobile phone of the user</Abstract></ReturnValue>
			<Anchor>//api/name/getMobilePhone</Anchor>
            <NodeRef refid="2"/>
		</Token>
		
		<Token>
			<TokenIdentifier>//apple_ref/occ/instm/BUser/getReglement</TokenIdentifier>
			<Abstract type="html">Returns the user reglement</Abstract>
			<DeclaredIn>BUser.h</DeclaredIn>
			
			<Declaration>- (NSString *)getReglement</Declaration>
			
			<ReturnValue><Abstract type="html">NSString Containing the reglement of the user</Abstract></ReturnValue>
			<Anchor>//api/name/getReglement</Anchor>
            <NodeRef refid="2"/>
		</Token>
		
		<Token>
			<TokenIdentifier>//apple_ref/occ/instm/BUser/getNewletter</TokenIdentifier>
			<Abstract type="html">Returns the user newletter</Abstract>
			<DeclaredIn>BUser.h</DeclaredIn>
			
			<Declaration>- (NSString *)getNewletter</Declaration>
			
			<ReturnValue><Abstract type="html">NSString Containing the newletter of the user</Abstract></ReturnValue>
			<Anchor>//api/name/getNewletter</Anchor>
            <NodeRef refid="2"/>
		</Token>
		
		<Token>
			<TokenIdentifier>//apple_ref/occ/instm/BUser/getNickName</TokenIdentifier>
			<Abstract type="html">Returns the user nickName</Abstract>
			<DeclaredIn>BUser.h</DeclaredIn>
			
			<Declaration>- (NSString *)getNickName</Declaration>
			
			<ReturnValue><Abstract type="html">NSString Containing the nickName of the user</Abstract></ReturnValue>
			<Anchor>//api/name/getNickName</Anchor>
            <NodeRef refid="2"/>
		</Token>
		
		<Token>
			<TokenIdentifier>//apple_ref/occ/instm/BUser/getState</TokenIdentifier>
			<Abstract type="html">Returns the user state</Abstract>
			<DeclaredIn>BUser.h</DeclaredIn>
			
			<Declaration>- (NSString *)getState</Declaration>
			
			<ReturnValue><Abstract type="html">NSString Containing the state of the user</Abstract></ReturnValue>
			<Anchor>//api/name/getState</Anchor>
            <NodeRef refid="2"/>
		</Token>
		
		<Token>
			<TokenIdentifier>//apple_ref/occ/instm/BUser/getPinterest_board</TokenIdentifier>
			<Abstract type="html">Returns the user pinterest board</Abstract>
			<DeclaredIn>BUser.h</DeclaredIn>
			
			<Declaration>- (NSString *)getPinterest_board</Declaration>
			
			<ReturnValue><Abstract type="html">NSString Containing the pinterest board of the user</Abstract></ReturnValue>
			<Anchor>//api/name/getPinterest_board</Anchor>
            <NodeRef refid="2"/>
		</Token>
		
		<Token>
			<TokenIdentifier>//apple_ref/occ/instm/BUser/getAuthenticate</TokenIdentifier>
			<Abstract type="html">Returns the user authenticate mode</Abstract>
			<DeclaredIn>BUser.h</DeclaredIn>
			
			<Declaration>- (NSString *)getAuthenticate</Declaration>
			
			<ReturnValue><Abstract type="html">NSString Containing the authenticate mode of the user</Abstract></ReturnValue>
			<Anchor>//api/name/getAuthenticate</Anchor>
            <NodeRef refid="2"/>
		</Token>
		
		<Token>
			<TokenIdentifier>//apple_ref/occ/instm/BUser/setCivility:</TokenIdentifier>
			<Abstract type="html"></Abstract>
			<DeclaredIn>BUser.h</DeclaredIn>
			
			<Declaration>- (void)setCivility:(NSString *)value</Declaration>
			
			
			<Anchor>//api/name/setCivility:</Anchor>
            <NodeRef refid="2"/>
		</Token>
		
		<Token>
			<TokenIdentifier>//apple_ref/occ/instm/BUser/setLastname:</TokenIdentifier>
			<Abstract type="html"></Abstract>
			<DeclaredIn>BUser.h</DeclaredIn>
			
			<Declaration>- (void)setLastname:(NSString *)value</Declaration>
			
			
			<Anchor>//api/name/setLastname:</Anchor>
            <NodeRef refid="2"/>
		</Token>
		
		<Token>
			<TokenIdentifier>//apple_ref/occ/instm/BUser/setFirstname:</TokenIdentifier>
			<Abstract type="html"></Abstract>
			<DeclaredIn>BUser.h</DeclaredIn>
			
			<Declaration>- (void)setFirstname:(NSString *)value</Declaration>
			
			
			<Anchor>//api/name/setFirstname:</Anchor>
            <NodeRef refid="2"/>
		</Token>
		
		<Token>
			<TokenIdentifier>//apple_ref/occ/instm/BUser/setEmail:</TokenIdentifier>
			<Abstract type="html"></Abstract>
			<DeclaredIn>BUser.h</DeclaredIn>
			
			<Declaration>- (void)setEmail:(NSString *)value</Declaration>
			
			
			<Anchor>//api/name/setEmail:</Anchor>
            <NodeRef refid="2"/>
		</Token>
		
		<Token>
			<TokenIdentifier>//apple_ref/occ/instm/BUser/setAddress:</TokenIdentifier>
			<Abstract type="html"></Abstract>
			<DeclaredIn>BUser.h</DeclaredIn>
			
			<Declaration>- (void)setAddress:(NSString *)value</Declaration>
			
			
			<Anchor>//api/name/setAddress:</Anchor>
            <NodeRef refid="2"/>
		</Token>
		
		<Token>
			<TokenIdentifier>//apple_ref/occ/instm/BUser/setZipCode:</TokenIdentifier>
			<Abstract type="html"></Abstract>
			<DeclaredIn>BUser.h</DeclaredIn>
			
			<Declaration>- (void)setZipCode:(NSString *)value</Declaration>
			
			
			<Anchor>//api/name/setZipCode:</Anchor>
            <NodeRef refid="2"/>
		</Token>
		
		<Token>
			<TokenIdentifier>//apple_ref/occ/instm/BUser/setCountry:</TokenIdentifier>
			<Abstract type="html"></Abstract>
			<DeclaredIn>BUser.h</DeclaredIn>
			
			<Declaration>- (void)setCountry:(NSString *)value</Declaration>
			
			
			<Anchor>//api/name/setCountry:</Anchor>
            <NodeRef refid="2"/>
		</Token>
		
		<Token>
			<TokenIdentifier>//apple_ref/occ/instm/BUser/setBirthday:</TokenIdentifier>
			<Abstract type="html"></Abstract>
			<DeclaredIn>BUser.h</DeclaredIn>
			
			<Declaration>- (void)setBirthday:(NSString *)value</Declaration>
			
			
			<Anchor>//api/name/setBirthday:</Anchor>
            <NodeRef refid="2"/>
		</Token>
		
		<Token>
			<TokenIdentifier>//apple_ref/occ/instm/BUser/setLoyalty:</TokenIdentifier>
			<Abstract type="html"></Abstract>
			<DeclaredIn>BUser.h</DeclaredIn>
			
			<Declaration>- (void)setLoyalty:(NSString *)value</Declaration>
			
			
			<Anchor>//api/name/setLoyalty:</Anchor>
            <NodeRef refid="2"/>
		</Token>
		
		<Token>
			<TokenIdentifier>//apple_ref/occ/instm/BUser/setDeskPhone:</TokenIdentifier>
			<Abstract type="html"></Abstract>
			<DeclaredIn>BUser.h</DeclaredIn>
			
			<Declaration>- (void)setDeskPhone:(NSString *)value</Declaration>
			
			
			<Anchor>//api/name/setDeskPhone:</Anchor>
            <NodeRef refid="2"/>
		</Token>
		
		<Token>
			<TokenIdentifier>//apple_ref/occ/instm/BUser/setMobilePhone:</TokenIdentifier>
			<Abstract type="html"></Abstract>
			<DeclaredIn>BUser.h</DeclaredIn>
			
			<Declaration>- (void)setMobilePhone:(NSString *)value</Declaration>
			
			
			<Anchor>//api/name/setMobilePhone:</Anchor>
            <NodeRef refid="2"/>
		</Token>
		
		<Token>
			<TokenIdentifier>//apple_ref/occ/instm/BUser/setReglement:</TokenIdentifier>
			<Abstract type="html"></Abstract>
			<DeclaredIn>BUser.h</DeclaredIn>
			
			<Declaration>- (void)setReglement:(BOOL)value</Declaration>
			
			
			<Anchor>//api/name/setReglement:</Anchor>
            <NodeRef refid="2"/>
		</Token>
		
		<Token>
			<TokenIdentifier>//apple_ref/occ/instm/BUser/setNewletter:</TokenIdentifier>
			<Abstract type="html"></Abstract>
			<DeclaredIn>BUser.h</DeclaredIn>
			
			<Declaration>- (void)setNewletter:(BOOL)value</Declaration>
			
			
			<Anchor>//api/name/setNewletter:</Anchor>
            <NodeRef refid="2"/>
		</Token>
		
		<Token>
			<TokenIdentifier>//apple_ref/occ/instm/BUser/setNickName:</TokenIdentifier>
			<Abstract type="html"></Abstract>
			<DeclaredIn>BUser.h</DeclaredIn>
			
			<Declaration>- (void)setNickName:(NSString *)value</Declaration>
			
			
			<Anchor>//api/name/setNickName:</Anchor>
            <NodeRef refid="2"/>
		</Token>
		
		<Token>
			<TokenIdentifier>//apple_ref/occ/instm/BUser/setState:</TokenIdentifier>
			<Abstract type="html"></Abstract>
			<DeclaredIn>BUser.h</DeclaredIn>
			
			<Declaration>- (void)setState:(NSString *)value</Declaration>
			
			
			<Anchor>//api/name/setState:</Anchor>
            <NodeRef refid="2"/>
		</Token>
		
		<Token>
			<TokenIdentifier>//apple_ref/occ/instm/BUser/setPinterest_board:</TokenIdentifier>
			<Abstract type="html"></Abstract>
			<DeclaredIn>BUser.h</DeclaredIn>
			
			<Declaration>- (void)setPinterest_board:(NSString *)value</Declaration>
			
			
			<Anchor>//api/name/setPinterest_board:</Anchor>
            <NodeRef refid="2"/>
		</Token>
		
		<Token>
			<TokenIdentifier>//apple_ref/occ/instm/BUser/setAuthenticate:</TokenIdentifier>
			<Abstract type="html"></Abstract>
			<DeclaredIn>BUser.h</DeclaredIn>
			
			<Declaration>- (void)setAuthenticate:(BOOL)value</Declaration>
			
			
			<Anchor>//api/name/setAuthenticate:</Anchor>
            <NodeRef refid="2"/>
		</Token>
		
		<Token>
			<TokenIdentifier>//apple_ref/occ/instm/BUser/initWithCivilty:withLastName:withFirstName:withEmail:withAddress:withZipCode:withCountry:withBirthday:withLoyalty:withDeskPhone:withMobilePhone:withReglement:withNewLetter:withNickName:withState:withPinterest_board:withAuthenticate:</TokenIdentifier>
			<Abstract type="html">Contructs a BUSer object</Abstract>
			<DeclaredIn>BUser.h</DeclaredIn>
			
			<Declaration>- (id)initWithCivilty:(NSString *)civility withLastName:(NSString *)lastName withFirstName:(NSString *)firstName withEmail:(NSString *)email withAddress:(NSString *)address withZipCode:(NSString *)zipCode withCountry:(NSString *)country withBirthday:(NSString *)birthday withLoyalty:(NSString *)loyalty withDeskPhone:(NSString *)deskPhone withMobilePhone:(NSString *)mobilePhone withReglement:(BOOL)reglement withNewLetter:(BOOL)newLetter withNickName:(NSString *)nickName withState:(NSString *)state withPinterest_board:(NSString *)pinterest_board withAuthenticate:(BOOL)authenticate</Declaration>
			
			
			<Anchor>//api/name/initWithCivilty:withLastName:withFirstName:withEmail:withAddress:withZipCode:withCountry:withBirthday:withLoyalty:withDeskPhone:withMobilePhone:withReglement:withNewLetter:withNickName:withState:withPinterest_board:withAuthenticate:</Anchor>
            <NodeRef refid="2"/>
		</Token>
		
		<Token>
			<TokenIdentifier>//apple_ref/occ/instm/BUser/init</TokenIdentifier>
			<Abstract type="html"></Abstract>
			<DeclaredIn>BUser.h</DeclaredIn>
			
			<Declaration>- (id)init</Declaration>
			
			
			<Anchor>//api/name/init</Anchor>
            <NodeRef refid="2"/>
		</Token>
		
        
        
	</File>
</Tokens>