<?xml version="1.0" encoding="UTF-8"?>
<Tokens version="1.0">
	<File path="Classes/BPicture.html">
		
		<Token>
			<TokenIdentifier>//apple_ref/occ/cl/BPicture</TokenIdentifier>
			<Abstract type="html"></Abstract>
			<DeclaredIn>BPicture.h</DeclaredIn>
            
			
			<NodeRef refid="1"/>
		</Token>
		
		
		<Token>
			<TokenIdentifier>//apple_ref/occ/instm/BPicture/setType:</TokenIdentifier>
			<Abstract type="html"></Abstract>
			<DeclaredIn>BPicture.h</DeclaredIn>
			
			<Declaration>@property (nonatomic) BTypePicture type</Declaration>
			
			
			<Anchor>//api/name/type</Anchor>
            <NodeRef refid="1"/>
		</Token>
		
		<Token>
			<TokenIdentifier>//apple_ref/occ/instm/BPicture/type</TokenIdentifier>
			<Abstract type="html"></Abstract>
			<DeclaredIn>BPicture.h</DeclaredIn>
			
			<Declaration>@property (nonatomic) BTypePicture type</Declaration>
			
			
			<Anchor>//api/name/type</Anchor>
            <NodeRef refid="1"/>
		</Token>
		
		<Token>
			<TokenIdentifier>//apple_ref/occ/instp/BPicture/type</TokenIdentifier>
			<Abstract type="html"></Abstract>
			<DeclaredIn>BPicture.h</DeclaredIn>
			
			<Declaration>@property (nonatomic) BTypePicture type</Declaration>
			
			
			<Anchor>//api/name/type</Anchor>
            <NodeRef refid="1"/>
		</Token>
		
		<Token>
			<TokenIdentifier>//apple_ref/occ/instm/BPicture/setData:</TokenIdentifier>
			<Abstract type="html">Sets the picture data</Abstract>
			<DeclaredIn>BPicture.h</DeclaredIn>
			
			<Declaration>@property (nonatomic) NSString *data</Declaration>
			<Parameters>
				<Parameter>
					<Name>value</Name>
					<Abstract type="html">NSString the data of the picture (url or base64 format)</Abstract>
				</Parameter>
			</Parameters>
			
			<Anchor>//api/name/data</Anchor>
            <NodeRef refid="1"/>
		</Token>
		
		<Token>
			<TokenIdentifier>//apple_ref/occ/instm/BPicture/data</TokenIdentifier>
			<Abstract type="html">Sets the picture data</Abstract>
			<DeclaredIn>BPicture.h</DeclaredIn>
			
			<Declaration>@property (nonatomic) NSString *data</Declaration>
			<Parameters>
				<Parameter>
					<Name>value</Name>
					<Abstract type="html">NSString the data of the picture (url or base64 format)</Abstract>
				</Parameter>
			</Parameters>
			
			<Anchor>//api/name/data</Anchor>
            <NodeRef refid="1"/>
		</Token>
		
		<Token>
			<TokenIdentifier>//apple_ref/occ/instp/BPicture/data</TokenIdentifier>
			<Abstract type="html">Sets the picture data</Abstract>
			<DeclaredIn>BPicture.h</DeclaredIn>
			
			<Declaration>@property (nonatomic) NSString *data</Declaration>
			<Parameters>
				<Parameter>
					<Name>value</Name>
					<Abstract type="html">NSString the data of the picture (url or base64 format)</Abstract>
				</Parameter>
			</Parameters>
			
			<Anchor>//api/name/data</Anchor>
            <NodeRef refid="1"/>
		</Token>
		
		<Token>
			<TokenIdentifier>//apple_ref/occ/instm/BPicture/setUserId:</TokenIdentifier>
			<Abstract type="html">Sets the user id</Abstract>
			<DeclaredIn>BPicture.h</DeclaredIn>
			
			<Declaration>@property (nonatomic) NSString *userId</Declaration>
			<Parameters>
				<Parameter>
					<Name>value</Name>
					<Abstract type="html">NSString the user id of the picture</Abstract>
				</Parameter>
			</Parameters>
			
			<Anchor>//api/name/userId</Anchor>
            <NodeRef refid="1"/>
		</Token>
		
		<Token>
			<TokenIdentifier>//apple_ref/occ/instm/BPicture/userId</TokenIdentifier>
			<Abstract type="html">Sets the user id</Abstract>
			<DeclaredIn>BPicture.h</DeclaredIn>
			
			<Declaration>@property (nonatomic) NSString *userId</Declaration>
			<Parameters>
				<Parameter>
					<Name>value</Name>
					<Abstract type="html">NSString the user id of the picture</Abstract>
				</Parameter>
			</Parameters>
			
			<Anchor>//api/name/userId</Anchor>
            <NodeRef refid="1"/>
		</Token>
		
		<Token>
			<TokenIdentifier>//apple_ref/occ/instp/BPicture/userId</TokenIdentifier>
			<Abstract type="html">Sets the user id</Abstract>
			<DeclaredIn>BPicture.h</DeclaredIn>
			
			<Declaration>@property (nonatomic) NSString *userId</Declaration>
			<Parameters>
				<Parameter>
					<Name>value</Name>
					<Abstract type="html">NSString the user id of the picture</Abstract>
				</Parameter>
			</Parameters>
			
			<Anchor>//api/name/userId</Anchor>
            <NodeRef refid="1"/>
		</Token>
		
		<Token>
			<TokenIdentifier>//apple_ref/occ/instm/BPicture/setName:</TokenIdentifier>
			<Abstract type="html">Sets the picture name</Abstract>
			<DeclaredIn>BPicture.h</DeclaredIn>
			
			<Declaration>@property (nonatomic) NSString *name</Declaration>
			<Parameters>
				<Parameter>
					<Name>value</Name>
					<Abstract type="html">NSString the name of the picture</Abstract>
				</Parameter>
			</Parameters>
			
			<Anchor>//api/name/name</Anchor>
            <NodeRef refid="1"/>
		</Token>
		
		<Token>
			<TokenIdentifier>//apple_ref/occ/instm/BPicture/name</TokenIdentifier>
			<Abstract type="html">Sets the picture name</Abstract>
			<DeclaredIn>BPicture.h</DeclaredIn>
			
			<Declaration>@property (nonatomic) NSString *name</Declaration>
			<Parameters>
				<Parameter>
					<Name>value</Name>
					<Abstract type="html">NSString the name of the picture</Abstract>
				</Parameter>
			</Parameters>
			
			<Anchor>//api/name/name</Anchor>
            <NodeRef refid="1"/>
		</Token>
		
		<Token>
			<TokenIdentifier>//apple_ref/occ/instp/BPicture/name</TokenIdentifier>
			<Abstract type="html">Sets the picture name</Abstract>
			<DeclaredIn>BPicture.h</DeclaredIn>
			
			<Declaration>@property (nonatomic) NSString *name</Declaration>
			<Parameters>
				<Parameter>
					<Name>value</Name>
					<Abstract type="html">NSString the name of the picture</Abstract>
				</Parameter>
			</Parameters>
			
			<Anchor>//api/name/name</Anchor>
            <NodeRef refid="1"/>
		</Token>
		
		<Token>
			<TokenIdentifier>//apple_ref/occ/instm/BPicture/setDesc:</TokenIdentifier>
			<Abstract type="html"></Abstract>
			<DeclaredIn>BPicture.h</DeclaredIn>
			
			<Declaration>@property (nonatomic) NSString *desc</Declaration>
			
			
			<Anchor>//api/name/desc</Anchor>
            <NodeRef refid="1"/>
		</Token>
		
		<Token>
			<TokenIdentifier>//apple_ref/occ/instm/BPicture/desc</TokenIdentifier>
			<Abstract type="html"></Abstract>
			<DeclaredIn>BPicture.h</DeclaredIn>
			
			<Declaration>@property (nonatomic) NSString *desc</Declaration>
			
			
			<Anchor>//api/name/desc</Anchor>
            <NodeRef refid="1"/>
		</Token>
		
		<Token>
			<TokenIdentifier>//apple_ref/occ/instp/BPicture/desc</TokenIdentifier>
			<Abstract type="html"></Abstract>
			<DeclaredIn>BPicture.h</DeclaredIn>
			
			<Declaration>@property (nonatomic) NSString *desc</Declaration>
			
			
			<Anchor>//api/name/desc</Anchor>
            <NodeRef refid="1"/>
		</Token>
		
		<Token>
			<TokenIdentifier>//apple_ref/occ/instm/BPicture/getTypePicture</TokenIdentifier>
			<Abstract type="html">Returns the type of the picture</Abstract>
			<DeclaredIn>BPicture.h</DeclaredIn>
			
			<Declaration>- (BTypePicture)getTypePicture</Declaration>
			
			<ReturnValue><Abstract type="html">TypePicture containing the type</Abstract></ReturnValue>
			<Anchor>//api/name/getTypePicture</Anchor>
            <NodeRef refid="1"/>
		</Token>
		
		<Token>
			<TokenIdentifier>//apple_ref/occ/instm/BPicture/getData</TokenIdentifier>
			<Abstract type="html">Returns the picture data</Abstract>
			<DeclaredIn>BPicture.h</DeclaredIn>
			
			<Declaration>- (NSString *)getData</Declaration>
			
			<ReturnValue><Abstract type="html">NSString containing the picture url or the picture base64 format</Abstract></ReturnValue>
			<Anchor>//api/name/getData</Anchor>
            <NodeRef refid="1"/>
		</Token>
		
		<Token>
			<TokenIdentifier>//apple_ref/occ/instm/BPicture/getUserId</TokenIdentifier>
			<Abstract type="html">Returns the user id</Abstract>
			<DeclaredIn>BPicture.h</DeclaredIn>
			
			<Declaration>- (NSString *)getUserId</Declaration>
			
			<ReturnValue><Abstract type="html">NSString containing the user id of the picture</Abstract></ReturnValue>
			<Anchor>//api/name/getUserId</Anchor>
            <NodeRef refid="1"/>
		</Token>
		
		<Token>
			<TokenIdentifier>//apple_ref/occ/instm/BPicture/getName</TokenIdentifier>
			<Abstract type="html">Returns the picture name</Abstract>
			<DeclaredIn>BPicture.h</DeclaredIn>
			
			<Declaration>- (NSString *)getName</Declaration>
			
			<ReturnValue><Abstract type="html">NSString containing the name of the picture</Abstract></ReturnValue>
			<Anchor>//api/name/getName</Anchor>
            <NodeRef refid="1"/>
		</Token>
		
		<Token>
			<TokenIdentifier>//apple_ref/occ/instm/BPicture/getDescription</TokenIdentifier>
			<Abstract type="html">Returns the picture description</Abstract>
			<DeclaredIn>BPicture.h</DeclaredIn>
			
			<Declaration>- (NSString *)getDescription</Declaration>
			
			<ReturnValue><Abstract type="html">NSString containing the description of the picture</Abstract></ReturnValue>
			<Anchor>//api/name/getDescription</Anchor>
            <NodeRef refid="1"/>
		</Token>
		
		<Token>
			<TokenIdentifier>//apple_ref/occ/instm/BPicture/setTypePicture:</TokenIdentifier>
			<Abstract type="html">Sets the picture type</Abstract>
			<DeclaredIn>BPicture.h</DeclaredIn>
			
			<Declaration>- (void)setTypePicture:(BTypePicture)value</Declaration>
			<Parameters>
				<Parameter>
					<Name>value</Name>
					<Abstract type="html">BTypePicture the type of the picture</Abstract>
				</Parameter>
			</Parameters>
			
			<Anchor>//api/name/setTypePicture:</Anchor>
            <NodeRef refid="1"/>
		</Token>
		
		<Token>
			<TokenIdentifier>//apple_ref/occ/instm/BPicture/setData:</TokenIdentifier>
			<Abstract type="html"></Abstract>
			<DeclaredIn>BPicture.h</DeclaredIn>
			
			<Declaration>- (void)setData:(NSString *)value</Declaration>
			
			
			<Anchor>//api/name/setData:</Anchor>
            <NodeRef refid="1"/>
		</Token>
		
		<Token>
			<TokenIdentifier>//apple_ref/occ/instm/BPicture/setUserId:</TokenIdentifier>
			<Abstract type="html"></Abstract>
			<DeclaredIn>BPicture.h</DeclaredIn>
			
			<Declaration>- (void)setUserId:(NSString *)value</Declaration>
			
			
			<Anchor>//api/name/setUserId:</Anchor>
            <NodeRef refid="1"/>
		</Token>
		
		<Token>
			<TokenIdentifier>//apple_ref/occ/instm/BPicture/setName:</TokenIdentifier>
			<Abstract type="html"></Abstract>
			<DeclaredIn>BPicture.h</DeclaredIn>
			
			<Declaration>- (void)setName:(NSString *)value</Declaration>
			
			
			<Anchor>//api/name/setName:</Anchor>
            <NodeRef refid="1"/>
		</Token>
		
		<Token>
			<TokenIdentifier>//apple_ref/occ/instm/BPicture/setDescription:</TokenIdentifier>
			<Abstract type="html">Sets the picture description</Abstract>
			<DeclaredIn>BPicture.h</DeclaredIn>
			
			<Declaration>- (void)setDescription:(NSString *)value</Declaration>
			<Parameters>
				<Parameter>
					<Name>value</Name>
					<Abstract type="html">NSString the description of the picture</Abstract>
				</Parameter>
			</Parameters>
			
			<Anchor>//api/name/setDescription:</Anchor>
            <NodeRef refid="1"/>
		</Token>
		
		<Token>
			<TokenIdentifier>//apple_ref/occ/instm/BPicture/initWithType:withData:withUserId:withName:withDescription:</TokenIdentifier>
			<Abstract type="html"></Abstract>
			<DeclaredIn>BPicture.h</DeclaredIn>
			
			<Declaration>- (id)initWithType:(BTypePicture)type withData:(NSString *)data withUserId:(NSString *)userId withName:(NSString *)name withDescription:(NSString *)description</Declaration>
			
			
			<Anchor>//api/name/initWithType:withData:withUserId:withName:withDescription:</Anchor>
            <NodeRef refid="1"/>
		</Token>
		
		<Token>
			<TokenIdentifier>//apple_ref/occ/instm/BPicture/init</TokenIdentifier>
			<Abstract type="html"></Abstract>
			<DeclaredIn>BPicture.h</DeclaredIn>
			
			<Declaration>- (id)init</Declaration>
			
			
			<Anchor>//api/name/init</Anchor>
            <NodeRef refid="1"/>
		</Token>
		
        
        
	</File>
</Tokens>