<?xml version="1.0" encoding="UTF-8"?>
<Tokens version="1.0">
	<File path="Protocols/BBoxRequestDelegate.html">
		
		<Token>
			<TokenIdentifier>//apple_ref/occ/intf/BBoxRequestDelegate</TokenIdentifier>
			<Abstract type="html">Delegate protocol to handle Box API requests</Abstract>
			<DeclaredIn>Box.h</DeclaredIn>
            
			
			<NodeRef refid="9"/>
		</Token>
		
		
		<Token>
			<TokenIdentifier>//apple_ref/occ/intfm/BBoxRequestDelegate/onGetCampaignsListSuccess:</TokenIdentifier>
			<Abstract type="html">Called when a getCampaignsList call succeeds</Abstract>
			<DeclaredIn>Box.h</DeclaredIn>
			
			<Declaration>- (void)onGetCampaignsListSuccess:(NSString *)response</Declaration>
			<Parameters>
				<Parameter>
					<Name>response</Name>
					<Abstract type="html">NSString JSON encoded string containing the Box campaigns list</Abstract>
				</Parameter>
			</Parameters>
			
			<Anchor>//api/name/onGetCampaignsListSuccess:</Anchor>
            <NodeRef refid="9"/>
		</Token>
		
		<Token>
			<TokenIdentifier>//apple_ref/occ/intfm/BBoxRequestDelegate/onGetCampaignsListFailure:</TokenIdentifier>
			<Abstract type="html">Called when a getCampaignsList call fails</Abstract>
			<DeclaredIn>Box.h</DeclaredIn>
			
			<Declaration>- (void)onGetCampaignsListFailure:(NSString *)error</Declaration>
			<Parameters>
				<Parameter>
					<Name>error</Name>
					<Abstract type="html">NSString containing the error description message</Abstract>
				</Parameter>
			</Parameters>
			
			<Anchor>//api/name/onGetCampaignsListFailure:</Anchor>
            <NodeRef refid="9"/>
		</Token>
		
		<Token>
			<TokenIdentifier>//apple_ref/occ/intfm/BBoxRequestDelegate/onPostUserFormSuccess:</TokenIdentifier>
			<Abstract type="html">Called when a postUserForm call succeeds</Abstract>
			<DeclaredIn>Box.h</DeclaredIn>
			
			<Declaration>- (void)onPostUserFormSuccess:(NSString *)userId</Declaration>
			<Parameters>
				<Parameter>
					<Name>userId</Name>
					<Abstract type="html">NSString containing the user id</Abstract>
				</Parameter>
			</Parameters>
			
			<Anchor>//api/name/onPostUserFormSuccess:</Anchor>
            <NodeRef refid="9"/>
		</Token>
		
		<Token>
			<TokenIdentifier>//apple_ref/occ/intfm/BBoxRequestDelegate/onPostUserFormFailure:</TokenIdentifier>
			<Abstract type="html">Called when a postUserForm call fails</Abstract>
			<DeclaredIn>Box.h</DeclaredIn>
			
			<Declaration>- (void)onPostUserFormFailure:(NSString *)error</Declaration>
			<Parameters>
				<Parameter>
					<Name>error</Name>
					<Abstract type="html">NSString containing the error message</Abstract>
				</Parameter>
			</Parameters>
			
			<Anchor>//api/name/onPostUserFormFailure:</Anchor>
            <NodeRef refid="9"/>
		</Token>
		
		<Token>
			<TokenIdentifier>//apple_ref/occ/intfm/BBoxRequestDelegate/onPostPictureResult:</TokenIdentifier>
			<Abstract type="html">Called when a postPicture  is called</Abstract>
			<DeclaredIn>Box.h</DeclaredIn>
			
			<Declaration>- (void)onPostPictureResult:(bool)isSuccess</Declaration>
			<Parameters>
				<Parameter>
					<Name>isSuccess</Name>
					<Abstract type="html">Bool containing the result of the request</Abstract>
				</Parameter>
			</Parameters>
			
			<Anchor>//api/name/onPostPictureResult:</Anchor>
            <NodeRef refid="9"/>
		</Token>
		
		<Token>
			<TokenIdentifier>//apple_ref/occ/intfm/BBoxRequestDelegate/onGetPicturesListSuccess:</TokenIdentifier>
			<Abstract type="html">Called when a getPictureList call succeeds</Abstract>
			<DeclaredIn>Box.h</DeclaredIn>
			
			<Declaration>- (void)onGetPicturesListSuccess:(NSString *)response</Declaration>
			<Parameters>
				<Parameter>
					<Name>response</Name>
					<Abstract type="html">NSString JSON encoded string containing the Box pictures list</Abstract>
				</Parameter>
			</Parameters>
			
			<Anchor>//api/name/onGetPicturesListSuccess:</Anchor>
            <NodeRef refid="9"/>
		</Token>
		
		<Token>
			<TokenIdentifier>//apple_ref/occ/intfm/BBoxRequestDelegate/onGetPicturesListFailure:</TokenIdentifier>
			<Abstract type="html">Called when a getPictureList call fails</Abstract>
			<DeclaredIn>Box.h</DeclaredIn>
			
			<Declaration>- (void)onGetPicturesListFailure:(NSString *)error</Declaration>
			<Parameters>
				<Parameter>
					<Name>error</Name>
					<Abstract type="html">NSString containing the error description message</Abstract>
				</Parameter>
			</Parameters>
			
			<Anchor>//api/name/onGetPicturesListFailure:</Anchor>
            <NodeRef refid="9"/>
		</Token>
		
        
        
	</File>
</Tokens>